date,temperature_2m,apparent_temperature,cloud_cover,wind_speed_10m,diffuse_radiation,direct_normal_irradiance,shortwave_radiation,location
2025-03-05 00:00:00+00:00,2.0045,-1.5970149,21.0,11.879999,0.0,0.0,0.0,Eelde
2025-03-05 01:00:00+00:00,1.5044999,-2.5091548,0.0,13.32,0.0,0.0,0.0,Eelde
2025-03-05 02:00:00+00:00,3.2045,-0.8198075,55.0,14.4,0.0,0.0,0.0,Eelde
2025-03-05 03:00:00+00:00,1.9545,-1.6447587,98.0,10.799999,0.0,0.0,0.0,Eelde
2025-03-05 04:00:00+00:00,1.3544999,-3.0144145,100.0,16.56,0.0,0.0,0.0,Eelde
2025-03-05 05:00:00+00:00,2.6045,-1.7535636,17.0,16.199999,0.0,0.0,0.0,Eelde
2025-03-05 06:00:00+00:00,2.4545,-1.7446442,66.0,15.119999,0.0,0.0,0.0,Eelde
2025-03-05 07:00:00+00:00,1.5044999,-2.7057395,100.0,15.4800005,20.089403,43.151535,24.0,Eelde
2025-03-05 08:00:00+00:00,4.5545,0.1948905,83.0,17.28,61.736294,68.136055,74.0,Eelde
2025-03-05 09:00:00+00:00,6.4545,2.0190372,100.0,19.44,115.9259,501.47498,271.0,Eelde
2025-03-05 10:00:00+00:00,5.3045,1.458066,30.0,16.56,134.32925,601.4135,382.0,Eelde
2025-03-05 11:00:00+00:00,10.554501,6.1011906,41.0,20.519999,142.8224,661.8441,461.0,Eelde
2025-03-05 12:00:00+00:00,11.4045,7.276248,83.0,19.08,145.75117,688.8748,498.0,Eelde
2025-03-05 13:00:00+00:00,11.6545,7.879876,88.0,17.64,144.03268,691.82074,491.0,Eelde
2025-03-05 14:00:00+00:00,12.7545,8.949835,100.0,18.359999,139.66507,635.7094,427.0,Eelde
2025-03-05 15:00:00+00:00,12.554501,9.074723,98.0,16.199999,127.45439,545.02997,327.0,Eelde
2025-03-05 16:00:00+00:00,11.9045,8.842624,0.0,14.759999,100.88345,416.83652,205.0,Eelde
2025-03-05 17:00:00+00:00,10.5045,7.644292,0.0,10.440001,51.4783,213.76688,79.0,Eelde
2025-03-05 18:00:00+00:00,9.304501,6.6384115,0.0,10.08,2.105648,0.0,2.0,Eelde
2025-03-05 19:00:00+00:00,7.5545,4.9248943,0.0,9.72,0.0,0.0,0.0,Eelde
2025-03-05 20:00:00+00:00,6.4545,3.2411137,0.0,11.5199995,0.0,0.0,0.0,Eelde
2025-03-05 21:00:00+00:00,6.5545,3.4461489,0.0,11.159999,0.0,0.0,0.0,Eelde
2025-03-05 22:00:00+00:00,5.6045003,2.3525162,0.0,12.24,0.0,0.0,0.0,Eelde
2025-03-05 23:00:00+00:00,4.8045,1.3646064,0.0,11.879999,0.0,0.0,0.0,Eelde
2025-03-06 00:00:00+00:00,4.5045004,1.035058,0.0,11.5199995,0.0,0.0,0.0,Eelde
2025-03-06 01:00:00+00:00,3.7045,0.10931826,0.0,12.599999,0.0,0.0,0.0,Eelde
2025-03-06 02:00:00+00:00,3.5544999,0.008402824,0.0,11.5199995,0.0,0.0,0.0,Eelde
2025-03-06 03:00:00+00:00,3.4045,-0.19208717,0.0,11.879999,0.0,0.0,0.0,Eelde
2025-03-06 04:00:00+00:00,3.1045,-0.30503225,0.0,10.799999,0.0,0.0,0.0,Eelde
2025-03-06 05:00:00+00:00,2.7045,-1.0074873,0.0,11.879999,0.0,0.0,0.0,Eelde
2025-03-06 06:00:00+00:00,3.0045,-0.9211478,0.0,13.679999,0.0,0.0,0.0,Eelde
2025-03-06 07:00:00+00:00,3.2045,-0.5811467,0.0,13.679999,21.996449,53.42588,27.0,Eelde
2025-03-06 08:00:00+00:00,4.2045,0.52637815,0.0,12.599999,80.42176,331.0202,142.0,Eelde
2025-03-06 09:00:00+00:00,6.5545,3.3899593,0.0,12.24,117.293015,500.21735,275.0,Eelde
2025-03-06 10:00:00+00:00,9.4045,6.842449,0.0,12.599999,134.82793,615.52264,392.0,Eelde
2025-03-06 11:00:00+00:00,11.5045,9.221359,0.0,10.440001,143.76877,662.1387,466.0,Eelde
2025-03-06 12:00:00+00:00,13.054501,10.883754,0.0,11.159999,146.46283,691.40015,504.0,Eelde
2025-03-06 13:00:00+00:00,14.9045,12.83206,0.0,13.32,145.89911,678.496,490.0,Eelde
2025-03-06 14:00:00+00:00,15.3545,13.257441,0.0,12.24,140.9606,629.67633,429.0,Eelde
2025-03-06 15:00:00+00:00,15.1045,13.214392,100.0,10.799999,132.40845,445.87442,298.0,Eelde
2025-03-06 16:00:00+00:00,15.2045,14.029768,100.0,9.36,94.40156,139.67323,130.0,Eelde
2025-03-06 17:00:00+00:00,14.2045,13.727749,97.0,5.7599998,47.763958,108.42327,62.0,Eelde
2025-03-06 18:00:00+00:00,12.0045,10.442017,22.0,8.64,3.1025627,0.0,3.0,Eelde
2025-03-06 19:00:00+00:00,11.2045,9.184935,0.0,12.599999,0.0,0.0,0.0,Eelde
2025-03-06 20:00:00+00:00,10.554501,8.02842,0.0,13.679999,0.0,0.0,0.0,Eelde
2025-03-06 21:00:00+00:00,9.1545,6.586132,1.0,12.24,0.0,0.0,0.0,Eelde
2025-03-06 22:00:00+00:00,8.804501,6.220846,79.0,12.599999,0.0,0.0,0.0,Eelde
2025-03-06 23:00:00+00:00,8.2545,5.5922537,0.0,10.440001,0.0,0.0,0.0,Eelde
2025-03-07 00:00:00+00:00,7.2045,4.1699657,0.0,11.5199995,0.0,0.0,0.0,Eelde
2025-03-07 01:00:00+00:00,7.0045004,3.8079004,7.0,12.599999,0.0,0.0,0.0,Eelde
2025-03-07 02:00:00+00:00,6.6045003,3.1787586,11.0,12.24,0.0,0.0,0.0,Eelde
2025-03-07 03:00:00+00:00,5.5545,2.1982555,7.0,11.159999,0.0,0.0,0.0,Eelde
2025-03-07 04:00:00+00:00,6.1545,2.9512024,5.0,11.5199995,0.0,0.0,0.0,Eelde
2025-03-07 05:00:00+00:00,5.4545,1.8597107,54.0,13.32,0.0,0.0,0.0,Eelde
2025-03-07 06:00:00+00:00,5.5545,1.9778023,0.0,13.32,0.0,0.0,0.0,Eelde
2025-03-07 07:00:00+00:00,6.3045,2.9859538,0.0,12.959999,22.977734,51.946583,28.0,Eelde
2025-03-07 08:00:00+00:00,7.0545,3.3605251,41.0,15.119999,82.158875,322.00293,144.0,Eelde
2025-03-07 09:00:00+00:00,9.6045,6.8212004,2.0,11.879999,119.53291,446.52252,263.0,Eelde
2025-03-07 10:00:00+00:00,11.9045,10.013357,0.0,9.72,138.4423,565.28467,378.0,Eelde
2025-03-07 11:00:00+00:00,14.304501,12.325817,1.0,10.440001,146.4666,640.6377,462.0,Eelde
2025-03-07 12:00:00+00:00,15.554501,13.91935,0.0,9.0,149.47449,668.4769,499.0,Eelde
2025-03-07 13:00:00+00:00,16.8545,15.376614,0.0,11.159999,147.3636,672.14325,492.0,Eelde
2025-03-07 14:00:00+00:00,17.5545,15.2284775,0.0,14.04,141.98114,628.7462,433.0,Eelde
2025-03-07 15:00:00+00:00,17.0545,14.935089,0.0,12.24,129.60933,545.34906,335.0,Eelde
2025-03-07 16:00:00+00:00,16.9545,15.557064,0.0,10.799999,103.63054,413.06387,211.0,Eelde
2025-03-07 17:00:00+00:00,16.1045,15.253605,0.0,7.2,54.514713,205.3549,82.0,Eelde
2025-03-07 18:00:00+00:00,13.8545,12.841839,0.0,6.8399997,4.075795,0.0,4.0,Eelde
2025-03-07 19:00:00+00:00,13.0045,11.6045475,0.0,9.36,0.0,0.0,0.0,Eelde
2025-03-07 20:00:00+00:00,12.1045,10.564636,1.0,9.0,0.0,0.0,0.0,Eelde
2025-03-07 21:00:00+00:00,10.6045,8.676403,25.0,9.36,0.0,0.0,0.0,Eelde
2025-03-07 22:00:00+00:00,10.1545,8.194202,0.0,9.72,0.0,0.0,0.0,Eelde
2025-03-07 23:00:00+00:00,9.1045,6.678776,0.0,10.08,0.0,0.0,0.0,Eelde
2025-03-08 00:00:00+00:00,8.5045,6.3154154,0.0,7.5599995,0.0,0.0,0.0,Eelde
2025-03-08 01:00:00+00:00,8.2545,5.977333,0.0,9.36,0.0,0.0,0.0,Eelde
2025-03-08 02:00:00+00:00,7.8545003,5.1826563,0.0,10.440001,0.0,0.0,0.0,Eelde
2025-03-08 03:00:00+00:00,7.2545004,4.5435953,3.0,8.64,0.0,0.0,0.0,Eelde
2025-03-08 04:00:00+00:00,7.1045003,4.7331266,72.0,8.28,0.0,0.0,0.0,Eelde
2025-03-08 05:00:00+00:00,6.9045,3.7764568,0.0,11.5199995,0.0,0.0,0.0,Eelde
2025-03-08 06:00:00+00:00,6.4045,3.2342749,1.0,11.159999,0.0,0.0,0.0,Eelde
2025-03-08 07:00:00+00:00,6.9545,3.7141619,0.0,11.879999,25.632633,73.89048,33.0,Eelde
2025-03-08 08:00:00+00:00,8.304501,5.2958527,0.0,10.799999,84.683464,349.9709,154.0,Eelde
2025-03-08 09:00:00+00:00,10.2545,7.5540056,0.0,10.799999,119.83784,513.78394,288.0,Eelde
2025-03-08 10:00:00+00:00,13.4545,11.322649,0.0,9.36,136.68718,619.72174,403.0,Eelde
2025-03-08 11:00:00+00:00,15.7545,12.607586,0.0,13.32,145.13074,669.9089,479.0,Eelde
2025-03-08 12:00:00+00:00,16.904501,13.749998,0.0,14.04,147.86926,696.44434,516.0,Eelde
2025-03-08 13:00:00+00:00,17.904501,15.644501,0.0,12.24,146.46397,693.68085,506.0,Eelde
2025-03-08 14:00:00+00:00,17.8045,15.009447,0.0,13.32,142.32196,637.8716,441.0,Eelde
2025-03-08 15:00:00+00:00,17.3045,14.121258,0.0,16.199999,129.74344,574.22266,349.0,Eelde
2025-03-08 16:00:00+00:00,17.3045,14.706352,0.0,15.4800005,105.082275,433.6897,220.0,Eelde
2025-03-08 17:00:00+00:00,15.6545,13.186039,0.0,14.04,56.783108,221.57005,87.0,Eelde
2025-03-08 18:00:00+00:00,13.4045,10.79157,0.0,13.679999,4.1336956,0.0,4.0,Eelde
2025-03-08 19:00:00+00:00,12.6045,10.3679085,0.0,12.959999,0.0,0.0,0.0,Eelde
2025-03-08 20:00:00+00:00,11.1545,9.015389,0.0,10.799999,0.0,0.0,0.0,Eelde
2025-03-08 21:00:00+00:00,10.2045,7.4720993,31.0,13.32,0.0,0.0,0.0,Eelde
2025-03-08 22:00:00+00:00,10.2045,7.6358557,0.0,13.679999,0.0,0.0,0.0,Eelde
2025-03-08 23:00:00+00:00,9.0045,5.899332,0.0,14.04,0.0,0.0,0.0,Eelde
2025-03-09 00:00:00+00:00,8.5045,5.447571,14.0,14.04,0.0,0.0,0.0,Eelde
2025-03-09 01:00:00+00:00,8.554501,5.779524,0.0,14.04,0.0,0.0,0.0,Eelde
2025-03-09 02:00:00+00:00,7.0545,3.7452736,0.0,13.679999,0.0,0.0,0.0,Eelde
2025-03-09 03:00:00+00:00,6.8545003,3.539754,32.0,13.679999,0.0,0.0,0.0,Eelde
2025-03-09 04:00:00+00:00,6.9045,3.8598776,0.0,13.32,0.0,0.0,0.0,Eelde
2025-03-09 05:00:00+00:00,5.4045,1.7892737,3.0,14.04,0.0,0.0,0.0,Eelde
2025-03-09 06:00:00+00:00,5.2045,1.5829978,28.0,14.04,0.0,0.0,0.0,Eelde
2025-03-09 07:00:00+00:00,5.8545003,2.4208112,80.0,14.04,27.38624,83.82707,36.0,Eelde
2025-03-09 08:00:00+00:00,6.4545,2.8590374,92.0,13.679999,86.4821,345.47363,157.0,Eelde
2025-03-09 09:00:00+00:00,8.8545,5.7821674,8.0,12.24,121.33687,502.97903,289.0,Eelde
2025-03-09 10:00:00+00:00,11.6045,9.261787,65.0,12.959999,136.97235,635.8141,414.0,Eelde
2025-03-09 11:00:00+00:00,13.7545,11.220882,8.0,12.959999,145.3483,679.52655,488.0,Eelde
2025-03-09 12:00:00+00:00,15.3545,12.94644,24.0,11.879999,146.84464,718.9655,531.0,Eelde
2025-03-09 13:00:00+00:00,16.5045,14.459215,51.0,12.599999,146.36424,705.58905,516.0,Eelde
2025-03-09 14:00:00+00:00,16.7045,14.39262,4.0,11.159999,142.00607,656.61707,453.0,Eelde
2025-03-09 15:00:00+00:00,16.6045,13.955116,0.0,11.5199995,130.47594,582.6863,356.0,Eelde
2025-03-09 16:00:00+00:00,16.5045,14.354216,0.0,13.32,106.499626,453.67117,229.0,Eelde
2025-03-09 17:00:00+00:00,15.1045,12.899393,7.0,12.959999,59.002113,237.54779,92.0,Eelde
2025-03-09 18:00:00+00:00,12.6545,10.852356,0.0,9.72,5.1069975,0.0,5.0,Eelde
2025-03-09 19:00:00+00:00,11.2045,9.283662,0.0,12.24,0.0,0.0,0.0,Eelde
2025-03-09 20:00:00+00:00,9.7545,7.3393,0.0,11.879999,0.0,0.0,0.0,Eelde
2025-03-09 21:00:00+00:00,8.554501,5.928561,1.0,11.159999,0.0,0.0,0.0,Eelde
2025-03-09 22:00:00+00:00,8.054501,5.5748024,0.0,10.440001,0.0,0.0,0.0,Eelde
2025-03-09 23:00:00+00:00,7.0045004,4.4722204,0.0,9.0,0.0,0.0,0.0,Eelde
2025-03-10 00:00:00+00:00,6.3045,3.978035,0.0,6.8399997,0.0,0.0,0.0,Eelde
2025-03-10 01:00:00+00:00,6.2545004,3.9647188,0.0,7.2,0.0,0.0,0.0,Eelde
2025-03-10 02:00:00+00:00,5.4045,2.429153,0.0,10.08,0.0,0.0,0.0,Eelde
2025-03-10 03:00:00+00:00,5.0545,1.8335762,0.0,11.5199995,0.0,0.0,0.0,Eelde
2025-03-10 04:00:00+00:00,5.0045004,1.9316559,0.0,10.440001,0.0,0.0,0.0,Eelde
2025-03-10 05:00:00+00:00,4.2045,1.1996603,0.0,9.36,0.0,0.0,0.0,Eelde
2025-03-10 06:00:00+00:00,4.0545,0.99820375,0.0,9.72,0.0,0.0,0.0,Eelde
2025-03-10 07:00:00+00:00,2.6545,-0.5705695,100.0,9.72,29.488594,99.31441,40.0,Eelde
2025-03-10 08:00:00+00:00,6.3045,3.7016473,0.0,8.28,66.612526,54.16622,78.0,Eelde
2025-03-10 09:00:00+00:00,8.4045,5.8549194,30.0,9.36,122.15558,535.74194,304.0,Eelde
2025-03-10 10:00:00+00:00,6.7545004,4.3418655,100.0,9.0,137.37125,648.8979,424.0,Eelde
2025-03-10 11:00:00+00:00,12.4045,9.839054,1.0,9.72,184.07077,246.84935,310.0,Eelde
2025-03-10 12:00:00+00:00,13.054501,10.519468,0.0,9.72,147.3225,723.39185,538.0,Eelde
2025-03-10 13:00:00+00:00,9.6545,6.851078,0.0,11.5199995,145.93837,721.62964,528.0,Eelde
2025-03-10 14:00:00+00:00,12.4545,8.856154,0.0,15.84,141.7398,674.8335,465.0,Eelde
2025-03-10 15:00:00+00:00,11.7045,8.588831,0.0,11.879999,130.96283,599.19867,366.0,Eelde
2025-03-10 16:00:00+00:00,7.6045003,4.351409,38.0,13.32,107.83829,465.9354,236.0,Eelde
2025-03-10 17:00:00+00:00,8.304501,5.0805883,0.0,13.32,55.192028,125.89982,73.0,Eelde
2025-03-10 18:00:00+00:00,6.6545,3.2967792,69.0,14.4,6.065918,0.0,6.0,Eelde
2025-03-10 19:00:00+00:00,5.8545003,2.412344,100.0,14.759999,0.0,0.0,0.0,Eelde
2025-03-10 20:00:00+00:00,5.4045,2.2586665,100.0,12.959999,0.0,0.0,0.0,Eelde
2025-03-10 21:00:00+00:00,5.1045003,1.9493442,100.0,12.599999,0.0,0.0,0.0,Eelde
2025-03-10 22:00:00+00:00,5.7545004,2.6388755,100.0,12.599999,0.0,0.0,0.0,Eelde
2025-03-10 23:00:00+00:00,5.5545,2.8600059,100.0,10.08,0.0,0.0,0.0,Eelde
2025-03-11 00:00:00+00:00,5.2545004,2.3709803,100.0,11.159999,0.0,0.0,0.0,Eelde
2025-03-11 01:00:00+00:00,5.9045,3.1065483,100.0,11.5199995,0.0,0.0,0.0,Eelde
2025-03-11 02:00:00+00:00,5.6545,2.3718247,100.0,14.04,0.0,0.0,0.0,Eelde
2025-03-11 03:00:00+00:00,5.3045,2.1594596,100.0,12.599999,0.0,0.0,0.0,Eelde
2025-03-11 04:00:00+00:00,6.2545004,3.2843533,100.0,13.679999,0.0,0.0,0.0,Eelde
2025-03-11 05:00:00+00:00,6.2045,2.939818,100.0,14.04,0.0,0.0,0.0,Eelde
2025-03-11 06:00:00+00:00,6.0045004,2.6206627,100.0,13.679999,0.0,0.0,0.0,Eelde
2025-03-11 07:00:00+00:00,6.0045004,3.2157555,100.0,11.159999,12.303878,0.0,12.0,Eelde
2025-03-11 08:00:00+00:00,6.4045,3.4204674,100.0,10.799999,18.01662,0.0,18.0,Eelde
2025-03-11 09:00:00+00:00,6.4045,2.7903123,90.0,12.599999,100.58999,53.27752,119.0,Eelde
2025-03-11 10:00:00+00:00,6.4045,3.3392744,100.0,10.440001,158.0325,158.49593,229.0,Eelde
2025-03-11 11:00:00+00:00,6.8545003,3.4262028,97.0,10.440001,176.03471,120.07368,238.0,Eelde
2025-03-11 12:00:00+00:00,8.1045,4.337188,100.0,11.879999,175.06364,498.21588,447.0,Eelde
2025-03-11 13:00:00+00:00,8.3545,4.181221,100.0,14.4,166.4537,543.05597,457.0,Eelde
2025-03-11 14:00:00+00:00,8.4545,4.390682,100.0,12.959999,159.9801,478.97186,392.0,Eelde
2025-03-11 15:00:00+00:00,8.054501,3.9194298,83.0,15.119999,140.83617,415.54904,306.0,Eelde
2025-03-11 16:00:00+00:00,7.4545,3.3535953,99.0,15.4800005,109.29133,373.82117,214.0,Eelde
2025-03-11 17:00:00+00:00,6.8045,2.89567,3.0,13.679999,48.742912,57.349194,57.0,Eelde
2025-03-11 18:00:00+00:00,6.2045,1.76894,100.0,18.0,7.8385177,2.3381634,8.0,Eelde
2025-03-11 19:00:00+00:00,5.9045,2.1376328,100.0,14.4,0.0,0.0,0.0,Eelde
2025-03-11 20:00:00+00:00,5.3045,1.5373607,100.0,13.679999,0.0,0.0,0.0,Eelde
2025-03-11 21:00:00+00:00,5.3045,2.0623608,96.0,10.08,0.0,0.0,0.0,Eelde
2025-03-11 22:00:00+00:00,5.8045,2.3376513,100.0,13.32,0.0,0.0,0.0,Eelde
2025-03-11 23:00:00+00:00,5.5545,2.9333334,100.0,7.2,0.0,0.0,0.0,Eelde
2025-03-12 00:00:00+00:00,3.6545,0.2605543,47.0,11.159999,0.0,0.0,0.0,Eelde
2025-03-12 01:00:00+00:00,4.1545,0.70185757,100.0,10.799999,0.0,0.0,0.0,Eelde
2025-03-12 02:00:00+00:00,2.5544999,-0.60406494,3.0,7.92,0.0,0.0,0.0,Eelde
2025-03-12 03:00:00+00:00,2.9045,-0.25018954,100.0,8.64,0.0,0.0,0.0,Eelde
2025-03-12 04:00:00+00:00,2.8545,-0.28210497,100.0,8.28,0.0,0.0,0.0,Eelde
2025-03-12 05:00:00+00:00,2.6545,-0.43661833,100.0,7.92,0.0,0.0,0.0,Eelde
2025-03-12 06:00:00+00:00,3.0544999,-0.36356926,85.0,10.799999,0.0,0.0,0.0,Eelde
2025-03-12 07:00:00+00:00,3.9545,0.8965006,100.0,8.64,14.24568,0.0,14.0,Eelde
2025-03-12 08:00:00+00:00,4.2545004,0.94382954,100.0,11.5199995,74.687775,73.28145,91.0,Eelde
2025-03-12 09:00:00+00:00,5.6545,2.33774,100.0,11.879999,120.24796,113.0265,160.0,Eelde
2025-03-12 10:00:00+00:00,6.9045,2.767168,100.0,15.119999,163.82445,286.84534,294.0,Eelde
2025-03-12 11:00:00+00:00,7.4045,3.7845917,40.0,11.879999,178.82149,122.95027,243.0,Eelde
2025-03-12 12:00:00+00:00,7.5045004,3.917242,36.0,11.5199995,196.53813,165.81732,288.0,Eelde
2025-03-12 13:00:00+00:00,7.8045,3.9506617,100.0,13.679999,192.60063,311.50598,361.0,Eelde
2025-03-12 14:00:00+00:00,7.9545,4.149378,0.0,12.24,173.03447,161.22075,252.0,Eelde
2025-03-12 15:00:00+00:00,7.6045003,3.9931297,0.0,10.799999,143.11798,399.54855,304.0,Eelde
2025-03-12 16:00:00+00:00,7.2045,3.2718763,0.0,13.32,110.75635,369.09644,216.0,Eelde
2025-03-12 17:00:00+00:00,6.6045003,2.7721205,0.0,12.24,63.947044,239.2516,99.0,Eelde
2025-03-12 18:00:00+00:00,4.9045,1.6467977,0.0,9.72,8.759006,3.371717,9.0,Eelde
2025-03-12 19:00:00+00:00,4.2545004,0.703424,1.0,10.799999,0.0,0.0,0.0,Eelde
2025-03-12 20:00:00+00:00,2.6545,-0.5651679,0.0,7.92,0.0,0.0,0.0,Eelde
2025-03-12 21:00:00+00:00,1.8045,-1.313602,0.0,6.8399997,0.0,0.0,0.0,Eelde
2025-03-12 22:00:00+00:00,1.8045,-1.418602,0.0,7.5599995,0.0,0.0,0.0,Eelde
2025-03-12 23:00:00+00:00,1.9045,-1.4083152,12.0,8.28,0.0,0.0,0.0,Eelde
2025-03-13 00:00:00+00:00,1.4045,-2.269806,0.0,10.08,0.0,0.0,0.0,Eelde
2025-03-13 01:00:00+00:00,1.0545,-2.431079,0.0,8.28,0.0,0.0,0.0,Eelde
2025-03-13 02:00:00+00:00,0.80450004,-2.6712594,8.0,8.28,0.0,0.0,0.0,Eelde
2025-03-13 03:00:00+00:00,1.1545,-2.352548,0.0,9.0,0.0,0.0,0.0,Eelde
2025-03-13 04:00:00+00:00,0.3545,-3.477901,24.0,10.440001,0.0,0.0,0.0,Eelde
2025-03-13 05:00:00+00:00,1.7045,-1.4047678,9.0,6.8399997,0.0,0.0,0.0,Eelde
2025-03-13 06:00:00+00:00,2.1545,-0.73024035,89.0,6.12,0.0,0.0,0.0,Eelde
2025-03-13 07:00:00+00:00,2.9045,-0.27619982,100.0,8.28,10.362909,0.0,10.0,Eelde
2025-03-13 08:00:00+00:00,3.5544999,0.5538974,100.0,6.8399997,60.583527,28.039715,67.0,Eelde
2025-03-13 09:00:00+00:00,4.5545,1.5536003,100.0,7.5599995,120.49256,104.80262,158.0,Eelde
2025-03-13 10:00:00+00:00,5.7545004,2.1138964,100.0,11.159999,153.51146,107.60827,203.0,Eelde
2025-03-13 11:00:00+00:00,6.0045004,1.9829249,99.0,14.04,121.35781,22.052858,133.0,Eelde
2025-03-13 12:00:00+00:00,6.4545,2.6899223,100.0,11.159999,201.67157,242.80975,337.0,Eelde
2025-03-13 13:00:00+00:00,6.6045003,2.4198933,17.0,15.119999,182.42899,101.74702,238.0,Eelde
2025-03-13 14:00:00+00:00,6.2045,1.8336477,100.0,16.199999,177.56313,293.70886,323.0,Eelde
2025-03-13 15:00:00+00:00,5.9045,1.6693192,100.0,15.84,115.50885,50.241905,136.0,Eelde
2025-03-13 16:00:00+00:00,5.6045003,1.2582626,99.0,15.84,95.82443,83.31656,120.0,Eelde
2025-03-13 17:00:00+00:00,4.9545,1.2008924,21.0,11.5199995,50.193317,51.989834,58.0,Eelde
2025-03-13 18:00:00+00:00,4.1545,0.5157752,100.0,11.879999,8.038425,0.0,8.0,Eelde
2025-03-13 19:00:00+00:00,3.4545,0.679142,59.0,6.12,0.0,0.0,0.0,Eelde
2025-03-13 20:00:00+00:00,3.6045,0.85681915,100.0,6.4799995,0.0,0.0,0.0,Eelde
2025-03-13 21:00:00+00:00,2.2545,-1.0090914,100.0,9.0,0.0,0.0,0.0,Eelde
2025-03-13 22:00:00+00:00,2.7045,-0.14078856,11.0,5.7599998,0.0,0.0,0.0,Eelde
2025-03-13 23:00:00+00:00,1.8045,-1.313602,96.0,6.8399997,0.0,0.0,0.0,Eelde
2025-03-14 00:00:00+00:00,1.2544999,-1.8761878,20.0,6.8399997,0.0,0.0,0.0,Eelde
2025-03-14 01:00:00+00:00,2.5045,-0.40279198,100.0,6.8399997,0.0,0.0,0.0,Eelde
2025-03-14 02:00:00+00:00,1.7544999,-1.7231531,100.0,10.08,0.0,0.0,0.0,Eelde
2025-03-14 03:00:00+00:00,0.4545,-2.926631,0.0,6.8399997,0.0,0.0,0.0,Eelde
2025-03-14 04:00:00+00:00,2.4545,-1.4803376,17.0,12.959999,0.0,0.0,0.0,Eelde
2025-03-14 05:00:00+00:00,2.3044999,-0.86627007,100.0,7.5599995,0.0,0.0,0.0,Eelde
2025-03-14 06:00:00+00:00,0.8545,-2.5171034,1.0,6.8399997,0.0,0.0,0.0,Eelde
2025-03-14 07:00:00+00:00,2.5544999,-1.0438137,1.0,9.36,41.512337,164.55377,61.0,Eelde
2025-03-14 08:00:00+00:00,3.8044999,-0.14216805,0.0,11.879999,95.35248,296.2453,165.0,Eelde
2025-03-14 09:00:00+00:00,4.5545,0.34827995,1.0,12.599999,126.275894,589.76227,341.0,Eelde
2025-03-14 10:00:00+00:00,4.7545004,0.43861485,100.0,14.759999,144.31012,604.50806,426.0,Eelde
2025-03-14 11:00:00+00:00,4.3545003,0.69800043,100.0,10.440001,178.54947,439.1634,413.0,Eelde
2025-03-14 12:00:00+00:00,5.7045,1.1059837,48.0,14.4,173.34584,65.093605,210.0,Eelde
2025-03-14 13:00:00+00:00,5.8545003,1.2861261,25.0,14.759999,190.15385,385.7802,403.0,Eelde
2025-03-14 14:00:00+00:00,5.6545,0.95589495,0.0,15.4800005,166.01811,463.46637,398.0,Eelde
2025-03-14 15:00:00+00:00,5.6545,0.42737007,0.0,15.84,133.78633,622.75256,391.0,Eelde
2025-03-14 16:00:00+00:00,5.2045,0.05198145,3.0,18.0,112.80366,505.44037,262.0,Eelde
2025-03-14 17:00:00+00:00,4.1045003,-0.75548077,0.0,15.119999,68.7844,285.17322,113.0,Eelde
2025-03-14 18:00:00+00:00,2.9545,-1.3997428,0.0,11.159999,11.314698,8.978175,12.0,Eelde
2025-03-14 19:00:00+00:00,2.1545,-1.875504,0.0,9.72,0.0,0.0,0.0,Eelde
2025-03-14 20:00:00+00:00,1.4545,-2.86021,100.0,10.799999,0.0,0.0,0.0,Eelde
2025-03-14 21:00:00+00:00,1.6044999,-2.460019,0.0,9.36,0.0,0.0,0.0,Eelde
2025-03-14 22:00:00+00:00,2.3545,-2.0194876,100.0,12.24,0.0,0.0,0.0,Eelde
2025-03-14 23:00:00+00:00,3.1045,-1.5195787,92.0,14.759999,0.0,0.0,0.0,Eelde
2025-03-15 00:00:00+00:00,2.5045,-2.268403,35.0,14.4,0.0,0.0,0.0,Eelde
2025-03-15 01:00:00+00:00,1.1545,-3.0769472,0.0,10.799999,0.0,0.0,0.0,Eelde
2025-03-15 02:00:00+00:00,0.6045,-4.0542974,0.0,12.24,0.0,0.0,0.0,Eelde
2025-03-15 03:00:00+00:00,0.3545,-3.9970791,95.0,11.159999,0.0,0.0,0.0,Eelde
2025-03-15 04:00:00+00:00,0.8545,-3.2302103,100.0,10.799999,0.0,0.0,0.0,Eelde
2025-03-15 05:00:00+00:00,-0.1455,-3.9737513,100.0,8.64,0.0,0.0,0.0,Eelde
2025-03-15 06:00:00+00:00,1.0044999,-2.832821,6.0,10.799999,0.0,0.0,0.0,Eelde
2025-03-15 07:00:00+00:00,1.9545,-2.2043457,0.0,12.959999,43.800243,166.09085,64.0,Eelde
2025-03-15 08:00:00+00:00,3.1545,-1.1177592,100.0,14.4,89.939835,136.95917,123.0,Eelde
2025-03-15 09:00:00+00:00,3.4045,-1.5726147,94.0,18.0,135.06865,191.55286,206.0,Eelde
2025-03-15 10:00:00+00:00,4.7045,0.09120083,0.0,15.119999,166.76572,352.13824,333.0,Eelde
2025-03-15 11:00:00+00:00,5.7045,1.3177094,0.0,14.04,146.38065,734.7695,543.0,Eelde
2025-03-15 12:00:00+00:00,5.9545,1.9660163,0.0,11.879999,148.03658,762.8868,582.0,Eelde
2025-03-15 13:00:00+00:00,7.0545,2.5888705,0.0,15.4800005,147.46861,751.03265,566.0,Eelde
2025-03-15 14:00:00+00:00,6.6045003,1.6457558,0.0,17.64,149.43498,635.65063,471.0,Eelde
2025-03-15 15:00:00+00:00,6.2045,1.1560287,0.0,18.359999,134.22742,635.5334,400.0,Eelde
2025-03-15 16:00:00+00:00,5.8045,0.62305546,0.0,19.8,113.893394,500.04956,264.0,Eelde
2025-03-15 17:00:00+00:00,4.5045004,-0.38470435,0.0,17.64,71.381966,316.50153,122.0,Eelde
2025-03-15 18:00:00+00:00,3.2545,-1.1126246,0.0,13.679999,12.888296,14.117991,14.0,Eelde
2025-03-15 19:00:00+00:00,2.7045,-1.2121022,0.0,11.159999,0.0,0.0,0.0,Eelde
2025-03-15 20:00:00+00:00,1.7544999,-2.012488,0.0,10.08,0.0,0.0,0.0,Eelde
2025-03-15 21:00:00+00:00,1.3544999,-2.3748624,0.0,8.64,0.0,0.0,0.0,Eelde
2025-03-15 22:00:00+00:00,1.3544999,-2.3627152,0.0,9.36,0.0,0.0,0.0,Eelde
2025-03-15 23:00:00+00:00,1.0545,-2.4111545,0.0,7.2,0.0,0.0,0.0,Eelde
2025-03-05 00:00:00+00:00,0.013,-3.175731,0.0,4.68,0.0,0.0,0.0,DeBilt
2025-03-05 01:00:00+00:00,0.163,-2.9776642,100.0,6.8399997,0.0,0.0,0.0,DeBilt
2025-03-05 02:00:00+00:00,0.063,-3.3998017,0.0,7.92,0.0,0.0,0.0,DeBilt
2025-03-05 03:00:00+00:00,-0.587,-4.05494,0.0,7.2,0.0,0.0,0.0,DeBilt
2025-03-05 04:00:00+00:00,-0.387,-3.6946144,100.0,7.5599995,0.0,0.0,0.0,DeBilt
2025-03-05 05:00:00+00:00,-0.487,-4.195004,0.0,9.36,0.0,0.0,0.0,DeBilt
2025-03-05 06:00:00+00:00,0.113000005,-3.645977,0.0,10.440001,0.0,0.0,0.0,DeBilt
2025-03-05 07:00:00+00:00,1.263,-2.0417383,0.0,9.0,17.436317,29.56294,20.0,DeBilt
2025-03-05 08:00:00+00:00,2.813,-0.43493056,0.0,8.64,76.675644,327.9779,134.0,DeBilt
2025-03-05 09:00:00+00:00,6.763,3.9936123,25.0,8.64,115.951614,520.56915,277.0,DeBilt
2025-03-05 10:00:00+00:00,8.813,6.1655493,0.0,10.08,134.44035,624.3018,395.0,DeBilt
2025-03-05 11:00:00+00:00,11.563,9.082512,0.0,8.64,142.10008,699.826,486.0,DeBilt
2025-03-05 12:00:00+00:00,13.263,11.3509,43.0,7.92,145.28134,725.04785,527.0,DeBilt
2025-03-05 13:00:00+00:00,14.412999,12.061848,0.0,10.440001,145.44954,710.4255,515.0,DeBilt
2025-03-05 14:00:00+00:00,14.613,12.227478,0.0,9.0,140.14998,688.93915,466.0,DeBilt
2025-03-05 15:00:00+00:00,14.912999,12.930019,0.0,8.28,129.95517,615.96857,369.0,DeBilt
2025-03-05 16:00:00+00:00,14.013,12.371155,0.0,6.12,106.97476,471.89496,235.0,DeBilt
2025-03-05 17:00:00+00:00,12.212999,10.436414,0.0,5.3999996,59.80954,259.52756,96.0,DeBilt
2025-03-05 18:00:00+00:00,10.013,8.463685,0.0,4.32,5.0937486,0.0,5.0,DeBilt
2025-03-05 19:00:00+00:00,7.063,5.8028946,0.0,0.35999998,0.0,0.0,0.0,DeBilt
2025-03-05 20:00:00+00:00,4.663,2.9736953,0.0,0.71999997,0.0,0.0,0.0,DeBilt
2025-03-05 21:00:00+00:00,3.713,1.8022294,0.0,1.4399999,0.0,0.0,0.0,DeBilt
2025-03-05 22:00:00+00:00,2.863,0.4363885,0.0,3.6,0.0,0.0,0.0,DeBilt
2025-03-05 23:00:00+00:00,2.113,-1.2171035,0.0,8.28,0.0,0.0,0.0,DeBilt
2025-03-06 00:00:00+00:00,1.663,-1.5448284,0.0,4.68,0.0,0.0,0.0,DeBilt
2025-03-06 01:00:00+00:00,2.513,-0.7333288,0.0,9.0,0.0,0.0,0.0,DeBilt
2025-03-06 02:00:00+00:00,1.813,-1.3603816,0.0,7.5599995,0.0,0.0,0.0,DeBilt
2025-03-06 03:00:00+00:00,1.913,-1.4547386,0.0,9.0,0.0,0.0,0.0,DeBilt
2025-03-06 04:00:00+00:00,1.413,-1.8093324,0.0,8.28,0.0,0.0,0.0,DeBilt
2025-03-06 05:00:00+00:00,1.113,-2.4425468,0.0,10.08,0.0,0.0,0.0,DeBilt
2025-03-06 06:00:00+00:00,1.563,-1.8451452,0.0,9.72,0.0,0.0,0.0,DeBilt
2025-03-06 07:00:00+00:00,2.113,-1.0994692,0.0,9.0,18.385738,29.140995,21.0,DeBilt
2025-03-06 08:00:00+00:00,3.663,0.6104307,0.0,8.64,78.28057,313.7908,135.0,DeBilt
2025-03-06 09:00:00+00:00,6.413,3.7600164,0.0,9.0,117.366684,493.52243,273.0,DeBilt
2025-03-06 10:00:00+00:00,9.712999,7.69798,0.0,7.92,136.27629,604.1149,392.0,DeBilt
2025-03-06 11:00:00+00:00,11.863,9.772631,35.0,9.36,145.51288,662.60236,475.0,DeBilt
2025-03-06 12:00:00+00:00,13.912999,11.358746,100.0,12.599999,173.85152,475.66302,427.0,DeBilt
2025-03-06 13:00:00+00:00,14.313,11.94397,100.0,10.799999,172.53642,470.68567,420.0,DeBilt
2025-03-06 14:00:00+00:00,15.162999,13.378014,100.0,9.36,167.65535,368.6407,344.0,DeBilt
2025-03-06 15:00:00+00:00,15.412999,13.637423,0.0,9.72,139.8447,412.31085,302.0,DeBilt
2025-03-06 16:00:00+00:00,15.263,13.969048,40.0,8.64,108.08412,452.0644,233.0,DeBilt
2025-03-06 17:00:00+00:00,14.263,12.822987,0.0,9.0,60.395237,229.65573,93.0,DeBilt
2025-03-06 18:00:00+00:00,11.563,10.186736,28.0,7.5599995,6.0488963,0.0,6.0,DeBilt
2025-03-06 19:00:00+00:00,9.662999,7.0591297,0.0,11.879999,0.0,0.0,0.0,DeBilt
2025-03-06 20:00:00+00:00,8.613,6.198372,0.0,9.0,0.0,0.0,0.0,DeBilt
2025-03-06 21:00:00+00:00,7.163,4.348173,0.0,10.440001,0.0,0.0,0.0,DeBilt
2025-03-06 22:00:00+00:00,6.963,4.020685,2.0,10.799999,0.0,0.0,0.0,DeBilt
2025-03-06 23:00:00+00:00,6.063,2.7247372,0.0,11.879999,0.0,0.0,0.0,DeBilt
2025-03-07 00:00:00+00:00,5.763,2.2172637,0.0,10.08,0.0,0.0,0.0,DeBilt
2025-03-07 01:00:00+00:00,6.063,2.9956436,25.0,7.5599995,0.0,0.0,0.0,DeBilt
2025-03-07 02:00:00+00:00,4.763,1.690403,99.0,9.72,0.0,0.0,0.0,DeBilt
2025-03-07 03:00:00+00:00,5.313,2.2057743,1.0,10.440001,0.0,0.0,0.0,DeBilt
2025-03-07 04:00:00+00:00,4.913,1.6197882,0.0,10.799999,0.0,0.0,0.0,DeBilt
2025-03-07 05:00:00+00:00,5.363,2.3583498,72.0,10.440001,0.0,0.0,0.0,DeBilt
2025-03-07 06:00:00+00:00,4.463,1.1091652,0.0,11.879999,0.0,0.0,0.0,DeBilt
2025-03-07 07:00:00+00:00,5.713,2.7763882,86.0,10.440001,17.481283,16.383045,19.0,DeBilt
2025-03-07 08:00:00+00:00,7.113,4.550563,0.0,8.64,79.3218,276.77008,131.0,DeBilt
2025-03-07 09:00:00+00:00,9.013,6.6971626,0.0,8.64,118.8419,485.99548,275.0,DeBilt
2025-03-07 10:00:00+00:00,12.313,10.789977,0.0,7.5599995,137.72148,597.0805,394.0,DeBilt
2025-03-07 11:00:00+00:00,13.962999,12.490419,0.0,7.92,146.88771,658.16174,478.0,DeBilt
2025-03-07 12:00:00+00:00,15.513,14.156036,0.0,8.28,149.61829,694.1532,523.0,DeBilt
2025-03-07 13:00:00+00:00,16.513,15.295595,0.0,8.28,149.00342,688.8887,515.0,DeBilt
2025-03-07 14:00:00+00:00,17.213001,16.14078,0.0,7.2,144.07767,651.0416,459.0,DeBilt
2025-03-07 15:00:00+00:00,16.863,15.449896,1.0,9.36,132.89171,574.9894,362.0,DeBilt
2025-03-07 16:00:00+00:00,17.013,16.089655,10.0,7.2,109.35015,443.09106,234.0,DeBilt
2025-03-07 17:00:00+00:00,15.712999,14.981289,55.0,6.4799995,62.3567,239.77158,97.0,DeBilt
2025-03-07 18:00:00+00:00,13.063,12.256151,76.0,6.12,6.9921646,0.11443776,7.0,DeBilt
2025-03-07 19:00:00+00:00,11.162999,9.800664,93.0,6.12,0.0,0.0,0.0,DeBilt
2025-03-07 20:00:00+00:00,9.863,7.9040556,53.0,8.64,0.0,0.0,0.0,DeBilt
2025-03-07 21:00:00+00:00,9.462999,6.747321,6.0,10.08,0.0,0.0,0.0,DeBilt
2025-03-07 22:00:00+00:00,8.563,5.85285,25.0,9.36,0.0,0.0,0.0,DeBilt
2025-03-07 23:00:00+00:00,9.113,6.4044952,72.0,9.0,0.0,0.0,0.0,DeBilt
2025-03-08 00:00:00+00:00,8.063,4.2365284,35.0,14.04,0.0,0.0,0.0,DeBilt
2025-03-08 01:00:00+00:00,8.162999,5.3899326,15.0,9.0,0.0,0.0,0.0,DeBilt
2025-03-08 02:00:00+00:00,7.163,4.259201,6.0,9.36,0.0,0.0,0.0,DeBilt
2025-03-08 03:00:00+00:00,6.413,3.5352612,0.0,7.5599995,0.0,0.0,0.0,DeBilt
2025-03-08 04:00:00+00:00,6.763,4.308613,71.0,6.4799995,0.0,0.0,0.0,DeBilt
2025-03-08 05:00:00+00:00,6.413,3.4065323,8.0,9.36,0.0,0.0,0.0,DeBilt
2025-03-08 06:00:00+00:00,5.863,3.1471367,9.0,6.4799995,0.0,0.0,0.0,DeBilt
2025-03-08 07:00:00+00:00,5.763,3.1875339,22.0,5.3999996,22.339537,48.70515,27.0,DeBilt
2025-03-08 08:00:00+00:00,8.763,5.922598,76.0,8.64,81.455055,283.1015,136.0,DeBilt
2025-03-08 09:00:00+00:00,10.813,8.388161,22.0,7.5599995,122.282616,393.31726,251.0,DeBilt
2025-03-08 10:00:00+00:00,14.013,11.935825,56.0,7.2,138.48035,603.3386,401.0,DeBilt
2025-03-08 11:00:00+00:00,15.763,13.490862,0.0,6.4799995,163.65253,507.676,422.0,DeBilt
2025-03-08 12:00:00+00:00,16.463001,14.089142,0.0,7.2,146.77817,736.2995,547.0,DeBilt
2025-03-08 13:00:00+00:00,18.113,16.23091,0.0,9.0,147.05258,720.85675,534.0,DeBilt
2025-03-08 14:00:00+00:00,19.163,16.112066,0.0,10.799999,142.86186,681.1987,476.0,DeBilt
2025-03-08 15:00:00+00:00,18.263,15.655064,0.0,9.72,132.1528,628.95483,386.0,DeBilt
2025-03-08 16:00:00+00:00,18.263,16.59353,0.0,8.28,110.6603,486.70648,250.0,DeBilt
2025-03-08 17:00:00+00:00,16.413,14.730547,0.0,6.8399997,64.82491,266.52155,104.0,DeBilt
2025-03-08 18:00:00+00:00,13.763,11.222681,7.0,11.5199995,7.9256444,1.0495683,8.0,DeBilt
2025-03-08 19:00:00+00:00,12.863,10.853339,0.0,10.799999,0.0,0.0,0.0,DeBilt
2025-03-08 20:00:00+00:00,12.063,9.372635,0.0,10.440001,0.0,0.0,0.0,DeBilt
2025-03-08 21:00:00+00:00,10.962999,8.458915,20.0,10.799999,0.0,0.0,0.0,DeBilt
2025-03-08 22:00:00+00:00,10.513,8.087598,24.0,10.799999,0.0,0.0,0.0,DeBilt
2025-03-08 23:00:00+00:00,9.813,7.190116,53.0,10.799999,0.0,0.0,0.0,DeBilt
2025-03-09 00:00:00+00:00,8.412999,6.0126657,0.0,7.5599995,0.0,0.0,0.0,DeBilt
2025-03-09 01:00:00+00:00,8.462999,6.2962627,10.0,9.72,0.0,0.0,0.0,DeBilt
2025-03-09 02:00:00+00:00,7.813,5.095598,47.0,10.440001,0.0,0.0,0.0,DeBilt
2025-03-09 03:00:00+00:00,6.763,4.162674,96.0,9.36,0.0,0.0,0.0,DeBilt
2025-03-09 04:00:00+00:00,6.863,4.6824007,23.0,8.28,0.0,0.0,0.0,DeBilt
2025-03-09 05:00:00+00:00,5.963,3.2936254,4.0,8.28,0.0,0.0,0.0,DeBilt
2025-03-09 06:00:00+00:00,5.513,2.9994807,60.0,6.8399997,0.0,0.0,0.0,DeBilt
2025-03-09 07:00:00+00:00,6.313,4.306452,18.0,6.4799995,24.629343,64.54528,31.0,DeBilt
2025-03-09 08:00:00+00:00,8.313,6.226204,6.0,6.8399997,84.73579,343.6165,153.0,DeBilt
2025-03-09 09:00:00+00:00,10.962999,9.05043,0.0,6.12,120.923454,531.3746,298.0,DeBilt
2025-03-09 10:00:00+00:00,13.063,11.94352,0.0,5.04,137.63481,640.23706,420.0,DeBilt
2025-03-09 11:00:00+00:00,14.962999,13.581871,0.0,5.04,145.71165,696.1121,504.0,DeBilt
2025-03-09 12:00:00+00:00,16.563,14.823364,1.0,6.12,149.51198,714.6093,542.0,DeBilt
2025-03-09 13:00:00+00:00,17.513,16.594107,2.0,4.32,148.21281,716.926,537.0,DeBilt
2025-03-09 14:00:00+00:00,18.013,16.255104,100.0,5.04,145.32101,658.76996,471.0,DeBilt
2025-03-09 15:00:00+00:00,17.763,15.938494,100.0,6.12,136.89716,536.03735,356.0,DeBilt
2025-03-09 16:00:00+00:00,17.713001,16.511438,100.0,6.12,112.75419,313.27707,204.0,DeBilt
2025-03-09 17:00:00+00:00,15.912999,14.474939,94.0,6.12,60.177063,132.1998,80.0,DeBilt
2025-03-09 18:00:00+00:00,13.513,11.710723,100.0,7.5599995,8.851059,2.03455,9.0,DeBilt
2025-03-09 19:00:00+00:00,11.863,10.228261,13.0,7.5599995,0.0,0.0,0.0,DeBilt
2025-03-09 20:00:00+00:00,10.363,8.542558,1.0,6.12,0.0,0.0,0.0,DeBilt
2025-03-09 21:00:00+00:00,8.962999,7.175785,0.0,5.7599998,0.0,0.0,0.0,DeBilt
2025-03-09 22:00:00+00:00,8.212999,6.556445,2.0,5.04,0.0,0.0,0.0,DeBilt
2025-03-09 23:00:00+00:00,6.963,4.9115715,19.0,6.12,0.0,0.0,0.0,DeBilt
2025-03-10 00:00:00+00:00,6.163,3.7026901,0.0,5.7599998,0.0,0.0,0.0,DeBilt
2025-03-10 01:00:00+00:00,5.813,2.4906588,37.0,10.799999,0.0,0.0,0.0,DeBilt
2025-03-10 02:00:00+00:00,5.063,2.415967,98.0,8.64,0.0,0.0,0.0,DeBilt
2025-03-10 03:00:00+00:00,3.863,1.0867891,0.0,7.5599995,0.0,0.0,0.0,DeBilt
2025-03-10 04:00:00+00:00,3.913,1.2057729,44.0,7.92,0.0,0.0,0.0,DeBilt
2025-03-10 05:00:00+00:00,3.163,0.7375655,75.0,5.3999996,0.0,0.0,0.0,DeBilt
2025-03-10 06:00:00+00:00,3.063,0.6716404,100.0,5.04,0.0,0.0,0.0,DeBilt
2025-03-10 07:00:00+00:00,3.563,1.2124267,100.0,5.3999996,24.264729,46.540062,29.0,DeBilt
2025-03-10 08:00:00+00:00,5.513,3.2198315,100.0,5.7599998,77.31458,125.46843,103.0,DeBilt
2025-03-10 09:00:00+00:00,8.113,6.208515,42.0,5.04,123.815636,457.40543,279.0,DeBilt
2025-03-10 10:00:00+00:00,10.662999,9.484287,99.0,4.32,145.1512,541.06244,387.0,DeBilt
2025-03-10 11:00:00+00:00,13.313,11.832893,100.0,5.3999996,148.20155,677.7541,501.0,DeBilt
2025-03-10 12:00:00+00:00,15.563,14.375792,40.0,4.68,163.25995,606.82,500.0,DeBilt
2025-03-10 13:00:00+00:00,16.463001,14.416666,100.0,5.3999996,149.23558,715.14105,541.0,DeBilt
2025-03-10 14:00:00+00:00,16.813,14.53993,22.0,4.68,147.78323,640.8135,468.0,DeBilt
2025-03-10 15:00:00+00:00,16.713001,14.228453,0.0,8.28,134.15741,615.72815,389.0,DeBilt
2025-03-10 16:00:00+00:00,15.363,13.178804,0.0,8.28,112.97423,486.19348,257.0,DeBilt
2025-03-10 17:00:00+00:00,13.412999,11.108598,0.0,8.28,68.87592,291.558,114.0,DeBilt
2025-03-10 18:00:00+00:00,10.962999,8.6584635,0.0,7.5599995,10.538898,6.09858,11.0,DeBilt
2025-03-10 19:00:00+00:00,9.063,6.2481365,2.0,12.959999,0.0,0.0,0.0,DeBilt
2025-03-10 20:00:00+00:00,8.363,5.747649,74.0,10.799999,0.0,0.0,0.0,DeBilt
2025-03-10 21:00:00+00:00,7.463,4.7482367,24.0,11.159999,0.0,0.0,0.0,DeBilt
2025-03-10 22:00:00+00:00,5.663,2.350348,100.0,14.04,0.0,0.0,0.0,DeBilt
2025-03-10 23:00:00+00:00,5.363,2.492447,100.0,10.799999,0.0,0.0,0.0,DeBilt
2025-03-11 00:00:00+00:00,4.813,1.6817694,100.0,10.799999,0.0,0.0,0.0,DeBilt
2025-03-11 01:00:00+00:00,5.713,2.894436,100.0,11.159999,0.0,0.0,0.0,DeBilt
2025-03-11 02:00:00+00:00,5.063,1.9434667,100.0,11.879999,0.0,0.0,0.0,DeBilt
2025-03-11 03:00:00+00:00,5.163,2.09414,100.0,11.879999,0.0,0.0,0.0,DeBilt
2025-03-11 04:00:00+00:00,6.263,3.8254776,100.0,9.36,0.0,0.0,0.0,DeBilt
2025-03-11 05:00:00+00:00,5.963,3.2256465,100.0,10.08,0.0,0.0,0.0,DeBilt
2025-03-11 06:00:00+00:00,5.663,2.4540796,100.0,12.24,0.0,0.0,0.0,DeBilt
2025-03-11 07:00:00+00:00,6.163,3.474,100.0,11.159999,7.3329735,0.0,7.0,DeBilt
2025-03-11 08:00:00+00:00,6.413,3.8315744,100.0,8.28,12.071932,0.0,12.0,DeBilt
2025-03-11 09:00:00+00:00,6.313,3.5403957,100.0,9.0,67.34605,13.476487,72.0,DeBilt
2025-03-11 10:00:00+00:00,6.713,3.8633547,24.0,9.36,142.34737,78.70788,178.0,DeBilt
2025-03-11 11:00:00+00:00,7.163,4.4685698,1.0,7.2,173.9624,459.797,416.0,DeBilt
2025-03-11 12:00:00+00:00,7.463,4.7781725,1.0,5.04,157.6099,660.67114,528.0,DeBilt
2025-03-11 13:00:00+00:00,8.462999,5.0548162,1.0,9.0,153.13652,686.5003,533.0,DeBilt
2025-03-11 14:00:00+00:00,8.962999,4.718666,0.0,12.24,143.77348,703.37604,499.0,DeBilt
2025-03-11 15:00:00+00:00,8.513,4.8249235,1.0,10.440001,133.93677,654.0485,408.0,DeBilt
2025-03-11 16:00:00+00:00,7.713,4.2549505,1.0,9.36,114.140625,507.50693,267.0,DeBilt
2025-03-11 17:00:00+00:00,6.713,3.125471,0.0,10.440001,71.45683,322.974,123.0,DeBilt
2025-03-11 18:00:00+00:00,6.013,2.3750682,7.0,10.08,12.151171,10.884068,13.0,DeBilt
2025-03-11 19:00:00+00:00,5.263,2.0878372,90.0,9.36,0.0,0.0,0.0,DeBilt
2025-03-11 20:00:00+00:00,4.113,1.2834568,97.0,6.4799995,0.0,0.0,0.0,DeBilt
2025-03-11 21:00:00+00:00,3.613,0.62168455,100.0,6.8399997,0.0,0.0,0.0,DeBilt
2025-03-11 22:00:00+00:00,4.813,1.8098235,100.0,8.28,0.0,0.0,0.0,DeBilt
2025-03-11 23:00:00+00:00,4.063,1.2578659,100.0,6.8399997,0.0,0.0,0.0,DeBilt
2025-03-12 00:00:00+00:00,2.013,-1.1289964,39.0,7.5599995,0.0,0.0,0.0,DeBilt
2025-03-12 01:00:00+00:00,2.763,-0.047035217,100.0,5.7599998,0.0,0.0,0.0,DeBilt
2025-03-12 02:00:00+00:00,2.963,0.05420494,18.0,6.12,0.0,0.0,0.0,DeBilt
2025-03-12 03:00:00+00:00,3.313,0.6743536,1.0,5.7599998,0.0,0.0,0.0,DeBilt
2025-03-12 04:00:00+00:00,2.963,0.054377556,100.0,7.2,0.0,0.0,0.0,DeBilt
2025-03-12 05:00:00+00:00,3.713,1.0366025,100.0,6.12,0.0,0.0,0.0,DeBilt
2025-03-12 06:00:00+00:00,3.413,0.6053457,100.0,6.4799995,0.0,0.0,0.0,DeBilt
2025-03-12 07:00:00+00:00,3.913,1.4083652,46.0,5.7599998,20.680773,12.223715,22.0,DeBilt
2025-03-12 08:00:00+00:00,4.713,1.955245,0.0,6.4799995,69.42053,57.98001,82.0,DeBilt
2025-03-12 09:00:00+00:00,6.413,3.520876,0.0,7.2,130.51424,226.17232,210.0,DeBilt
2025-03-12 10:00:00+00:00,6.663,3.8991833,2.0,6.8399997,140.35687,644.1278,436.0,DeBilt
2025-03-12 11:00:00+00:00,6.613,4.0965967,0.0,6.4799995,150.94928,670.8027,508.0,DeBilt
2025-03-12 12:00:00+00:00,7.663,4.2179794,2.0,9.72,156.77583,676.67664,540.0,DeBilt
2025-03-12 13:00:00+00:00,6.813,4.0549135,100.0,7.92,151.40688,711.448,549.0,DeBilt
2025-03-12 14:00:00+00:00,8.363,4.6920557,0.0,10.440001,178.33635,363.79587,364.0,DeBilt
2025-03-12 15:00:00+00:00,7.813,4.070388,0.0,11.159999,135.80229,618.16394,398.0,DeBilt
2025-03-12 16:00:00+00:00,7.463,3.7253513,0.0,11.5199995,115.27818,521.704,275.0,DeBilt
2025-03-12 17:00:00+00:00,6.513,3.1353183,3.0,9.72,73.05681,322.02692,126.0,DeBilt
2025-03-12 18:00:00+00:00,4.763,1.5353322,0.0,7.92,13.0391,11.955975,14.0,DeBilt
2025-03-12 19:00:00+00:00,3.363,0.17472982,0.0,7.92,0.0,0.0,0.0,DeBilt
2025-03-12 20:00:00+00:00,2.363,-0.7188401,0.0,6.8399997,0.0,0.0,0.0,DeBilt
2025-03-12 21:00:00+00:00,1.663,-1.2232537,0.0,5.7599998,0.0,0.0,0.0,DeBilt
2025-03-12 22:00:00+00:00,1.013,-1.8095207,78.0,4.32,0.0,0.0,0.0,DeBilt
2025-03-12 23:00:00+00:00,0.31300002,-2.6942582,98.0,5.04,0.0,0.0,0.0,DeBilt
2025-03-13 00:00:00+00:00,0.063,-2.4023015,11.0,1.08,0.0,0.0,0.0,DeBilt
2025-03-13 01:00:00+00:00,0.31300002,-2.6507916,57.0,5.04,0.0,0.0,0.0,DeBilt
2025-03-13 02:00:00+00:00,2.063,-0.83964086,100.0,6.4799995,0.0,0.0,0.0,DeBilt
2025-03-13 03:00:00+00:00,0.513,-2.7142599,0.0,7.2,0.0,0.0,0.0,DeBilt
2025-03-13 04:00:00+00:00,-0.287,-2.9694996,0.0,2.52,0.0,0.0,0.0,DeBilt
2025-03-13 05:00:00+00:00,-0.037,-2.8939831,0.0,3.96,0.0,0.0,0.0,DeBilt
2025-03-13 06:00:00+00:00,0.663,-2.2187414,100.0,4.68,0.0,0.0,0.0,DeBilt
2025-03-13 07:00:00+00:00,0.913,-1.8802791,100.0,3.2399998,21.011473,8.901929,22.0,DeBilt
2025-03-13 08:00:00+00:00,3.413,0.4425726,100.0,6.4799995,26.739733,1.1663752,27.0,DeBilt
2025-03-13 09:00:00+00:00,5.563,2.5542626,6.0,5.7599998,82.60583,23.475945,91.0,DeBilt
2025-03-13 10:00:00+00:00,6.213,3.9239473,100.0,2.16,158.38426,121.7528,215.0,DeBilt
2025-03-13 11:00:00+00:00,6.613,4.1403456,0.0,4.32,94.124306,9.060037,99.0,DeBilt
2025-03-13 12:00:00+00:00,5.963,3.5546641,100.0,3.6,195.62764,399.22607,424.0,DeBilt
2025-03-13 13:00:00+00:00,6.913,4.086031,83.0,8.28,199.34193,336.058,389.0,DeBilt
2025-03-13 14:00:00+00:00,7.513,4.4489126,45.0,7.2,157.69048,576.55914,455.0,DeBilt
2025-03-13 15:00:00+00:00,7.413,4.018694,49.0,9.36,145.24489,481.63873,352.0,DeBilt
2025-03-13 16:00:00+00:00,6.863,3.3325891,1.0,10.440001,113.0167,151.02199,160.0,DeBilt
2025-03-13 17:00:00+00:00,5.813,2.5285606,0.0,9.0,73.387535,275.45923,120.0,DeBilt
2025-03-13 18:00:00+00:00,4.113,1.0929585,0.0,7.2,14.580129,17.157183,16.0,DeBilt
2025-03-13 19:00:00+00:00,3.713,0.41680288,100.0,8.28,0.0,0.0,0.0,DeBilt
2025-03-13 20:00:00+00:00,1.913,-1.1603973,100.0,6.4799995,0.0,0.0,0.0,DeBilt
2025-03-13 21:00:00+00:00,2.013,-0.70561886,100.0,4.32,0.0,0.0,0.0,DeBilt
2025-03-13 22:00:00+00:00,0.763,-1.9612346,40.0,3.2399998,0.0,0.0,0.0,DeBilt
2025-03-13 23:00:00+00:00,0.813,-2.3388758,100.0,6.8399997,0.0,0.0,0.0,DeBilt
2025-03-14 00:00:00+00:00,1.263,-1.9654455,2.0,7.2,0.0,0.0,0.0,DeBilt
2025-03-14 01:00:00+00:00,0.663,-2.960196,0.0,9.0,0.0,0.0,0.0,DeBilt
2025-03-14 02:00:00+00:00,-0.087,-3.2764091,99.0,6.4799995,0.0,0.0,0.0,DeBilt
2025-03-14 03:00:00+00:00,-1.287,-4.799505,0.0,6.4799995,0.0,0.0,0.0,DeBilt
2025-03-14 04:00:00+00:00,-1.087,-4.4436293,2.0,6.12,0.0,0.0,0.0,DeBilt
2025-03-14 05:00:00+00:00,0.013,-3.0454836,54.0,6.12,0.0,0.0,0.0,DeBilt
2025-03-14 06:00:00+00:00,-0.187,-3.0130692,100.0,4.32,0.0,0.0,0.0,DeBilt
2025-03-14 07:00:00+00:00,0.513,-2.512659,40.0,6.12,11.356794,0.0,11.0,DeBilt
2025-03-14 08:00:00+00:00,2.163,-0.4330454,100.0,4.32,94.58114,372.43918,180.0,DeBilt
2025-03-14 09:00:00+00:00,2.313,-0.2584858,2.0,4.32,131.73303,173.94931,195.0,DeBilt
2025-03-14 10:00:00+00:00,4.363,2.089282,1.0,2.16,139.73912,692.6419,466.0,DeBilt
2025-03-14 11:00:00+00:00,5.463,2.5761847,1.0,5.04,178.26665,468.2301,433.0,DeBilt
2025-03-14 12:00:00+00:00,6.313,3.191135,1.0,6.8399997,176.66562,552.73376,496.0,DeBilt
2025-03-14 13:00:00+00:00,6.513,3.4394493,2.0,6.4799995,173.98654,556.3001,491.0,DeBilt
2025-03-14 14:00:00+00:00,6.113,2.6012278,100.0,8.64,157.90349,585.6448,463.0,DeBilt
2025-03-14 15:00:00+00:00,6.663,2.9192686,0.0,9.36,157.36153,217.87094,252.0,DeBilt
2025-03-14 16:00:00+00:00,6.063,1.9156799,100.0,11.159999,117.508835,495.16507,274.0,DeBilt
2025-03-14 17:00:00+00:00,5.313,1.390511,0.0,10.08,47.6834,24.805107,52.0,DeBilt
2025-03-14 18:00:00+00:00,3.663,0.10525274,0.0,7.5599995,15.456407,18.130476,17.0,DeBilt
2025-03-14 19:00:00+00:00,2.813,-0.7994399,0.0,9.0,0.0,0.0,0.0,DeBilt
2025-03-14 20:00:00+00:00,2.113,-1.7456613,0.0,9.36,0.0,0.0,0.0,DeBilt
2025-03-14 21:00:00+00:00,0.813,-3.082014,0.0,9.0,0.0,0.0,0.0,DeBilt
2025-03-14 22:00:00+00:00,0.86300004,-2.4848378,0.0,6.8399997,0.0,0.0,0.0,DeBilt
2025-03-14 23:00:00+00:00,0.513,-3.1636674,5.0,7.5599995,0.0,0.0,0.0,DeBilt
2025-03-15 00:00:00+00:00,0.013,-3.4395585,2.0,5.7599998,0.0,0.0,0.0,DeBilt
2025-03-15 01:00:00+00:00,0.31300002,-2.9767928,100.0,5.04,0.0,0.0,0.0,DeBilt
2025-03-15 02:00:00+00:00,0.363,-3.5070162,100.0,9.36,0.0,0.0,0.0,DeBilt
2025-03-15 03:00:00+00:00,0.813,-2.6766448,100.0,7.92,0.0,0.0,0.0,DeBilt
2025-03-15 04:00:00+00:00,0.713,-3.1277933,2.0,10.08,0.0,0.0,0.0,DeBilt
2025-03-15 05:00:00+00:00,1.463,-1.940197,99.0,8.28,0.0,0.0,0.0,DeBilt
2025-03-15 06:00:00+00:00,1.613,-2.3312335,75.0,9.36,0.0,0.0,0.0,DeBilt
2025-03-15 07:00:00+00:00,0.513,-3.4818144,100.0,10.799999,38.8024,138.03455,55.0,DeBilt
2025-03-15 08:00:00+00:00,1.863,-2.1677608,3.0,11.159999,81.307205,87.83808,102.0,DeBilt
2025-03-15 09:00:00+00:00,3.763,-0.09995937,48.0,12.599999,127.18137,599.728,349.0,DeBilt
2025-03-15 10:00:00+00:00,5.263,1.3898811,0.0,12.24,145.06294,622.41345,442.0,DeBilt
2025-03-15 11:00:00+00:00,6.313,2.7518477,16.0,10.08,150.62556,704.4323,538.0,DeBilt
2025-03-15 12:00:00+00:00,6.663,3.3859062,15.0,7.5599995,170.28888,606.2681,524.0,DeBilt
2025-03-15 13:00:00+00:00,7.063,3.4061432,1.0,10.799999,200.24588,368.04782,412.0,DeBilt
2025-03-15 14:00:00+00:00,7.613,3.627552,0.0,11.879999,163.57132,548.0962,452.0,DeBilt
2025-03-15 15:00:00+00:00,7.213,3.331211,0.0,10.799999,138.47629,617.85,410.0,DeBilt
2025-03-15 16:00:00+00:00,6.613,2.732689,1.0,11.879999,118.38811,528.4522,288.0,DeBilt
2025-03-15 17:00:00+00:00,6.413,2.4082928,100.0,11.159999,78.29828,339.46863,139.0,DeBilt
2025-03-15 18:00:00+00:00,4.813,1.0610695,78.0,9.72,6.301041,0.0,6.0,DeBilt
2025-03-15 19:00:00+00:00,3.413,-0.0063147545,0.0,9.0,0.0,0.0,0.0,DeBilt
2025-03-15 20:00:00+00:00,3.413,-0.7684436,100.0,14.04,0.0,0.0,0.0,DeBilt
2025-03-15 21:00:00+00:00,1.963,-2.0091155,0.0,11.5199995,0.0,0.0,0.0,DeBilt
2025-03-15 22:00:00+00:00,1.163,-2.7396817,0.0,11.879999,0.0,0.0,0.0,DeBilt
2025-03-15 23:00:00+00:00,0.713,-2.843821,0.0,9.36,0.0,0.0,0.0,DeBilt
2025-03-05 00:00:00+00:00,1.5675,-0.7710452,100.0,2.8799999,0.0,0.0,0.0,Vlissingen
2025-03-05 01:00:00+00:00,2.4175,-0.19505787,100.0,5.7599998,0.0,0.0,0.0,Vlissingen
2025-03-05 02:00:00+00:00,3.9675,1.129581,0.0,7.92,0.0,0.0,0.0,Vlissingen
2025-03-05 03:00:00+00:00,1.5174999,-1.5406857,100.0,7.92,0.0,0.0,0.0,Vlissingen
2025-03-05 04:00:00+00:00,1.7674999,-1.4823961,100.0,9.36,0.0,0.0,0.0,Vlissingen
2025-03-05 05:00:00+00:00,3.4175,0.34987926,0.0,8.64,0.0,0.0,0.0,Vlissingen
2025-03-05 06:00:00+00:00,1.2674999,-2.304941,100.0,11.159999,0.0,0.0,0.0,Vlissingen
2025-03-05 07:00:00+00:00,2.5175,-2.1519024,100.0,20.16,10.786192,2.6726463,11.0,Vlissingen
2025-03-05 08:00:00+00:00,4.8175,0.8549142,0.0,15.4800005,71.00286,263.26324,114.0,Vlissingen
2025-03-05 09:00:00+00:00,5.9675,3.1013541,0.0,10.08,114.39874,511.41565,269.0,Vlissingen
2025-03-05 10:00:00+00:00,7.4175,5.005436,0.0,8.28,133.95909,628.692,395.0,Vlissingen
2025-03-05 11:00:00+00:00,9.9175,7.7673206,0.0,6.8399997,141.95673,710.0731,493.0,Vlissingen
2025-03-05 12:00:00+00:00,11.2175,9.625042,0.0,6.8399997,145.41122,738.36646,540.0,Vlissingen
2025-03-05 13:00:00+00:00,11.6675,10.405125,0.0,4.68,145.68695,730.98035,535.0,Vlissingen
2025-03-05 14:00:00+00:00,13.617499,11.466953,0.0,9.0,141.44853,706.56146,487.0,Vlissingen
2025-03-05 15:00:00+00:00,9.6675,8.418874,0.0,2.8799999,132.56303,632.8363,390.0,Vlissingen
2025-03-05 16:00:00+00:00,10.367499,9.177902,0.0,3.6,111.88985,494.50305,256.0,Vlissingen
2025-03-05 17:00:00+00:00,11.2175,9.795011,0.0,5.04,67.91841,305.54724,114.0,Vlissingen
2025-03-05 18:00:00+00:00,8.2675,6.541705,0.0,6.12,9.659046,4.631983,10.0,Vlissingen
2025-03-05 19:00:00+00:00,6.6175003,4.68501,0.0,5.04,0.0,0.0,0.0,Vlissingen
2025-03-05 20:00:00+00:00,7.5675,6.0558004,0.0,1.08,0.0,0.0,0.0,Vlissingen
2025-03-05 21:00:00+00:00,3.5175,1.4733167,100.0,3.2399998,0.0,0.0,0.0,Vlissingen
2025-03-05 22:00:00+00:00,3.5674999,1.2428527,6.0,5.04,0.0,0.0,0.0,Vlissingen
2025-03-05 23:00:00+00:00,6.1175003,3.2483191,0.0,10.08,0.0,0.0,0.0,Vlissingen
2025-03-06 00:00:00+00:00,4.2175,1.7589135,0.0,5.04,0.0,0.0,0.0,Vlissingen
2025-03-06 01:00:00+00:00,4.5175004,1.6291685,0.0,9.36,0.0,0.0,0.0,Vlissingen
2025-03-06 02:00:00+00:00,5.1175003,1.8952074,0.0,12.24,0.0,0.0,0.0,Vlissingen
2025-03-06 03:00:00+00:00,5.0675,1.9268312,0.0,12.24,0.0,0.0,0.0,Vlissingen
2025-03-06 04:00:00+00:00,5.4675,1.8521414,1.0,15.84,0.0,0.0,0.0,Vlissingen
2025-03-06 05:00:00+00:00,4.8175,1.4918761,0.0,12.959999,0.0,0.0,0.0,Vlissingen
2025-03-06 06:00:00+00:00,5.1175003,1.9563541,0.0,12.24,0.0,0.0,0.0,Vlissingen
2025-03-06 07:00:00+00:00,5.2675004,1.8431115,6.0,14.04,13.949442,12.66338,15.0,Vlissingen
2025-03-06 08:00:00+00:00,5.8175,2.3560815,100.0,14.4,74.10172,300.71686,125.0,Vlissingen
2025-03-06 09:00:00+00:00,8.2675,5.625778,100.0,11.879999,117.74878,334.96277,221.0,Vlissingen
2025-03-06 10:00:00+00:00,9.9675,7.4233456,100.0,12.24,146.82225,425.47614,326.0,Vlissingen
2025-03-06 11:00:00+00:00,11.3175,8.967755,100.0,11.879999,165.34746,469.11472,400.0,Vlissingen
2025-03-06 12:00:00+00:00,12.5675,9.226672,96.0,19.08,164.16605,571.79877,473.0,Vlissingen
2025-03-06 13:00:00+00:00,14.0675,11.49956,60.0,13.32,155.12976,642.7209,501.0,Vlissingen
2025-03-06 14:00:00+00:00,14.117499,11.76787,30.0,11.5199995,146.93405,639.2591,463.0,Vlissingen
2025-03-06 15:00:00+00:00,14.7675,12.728838,0.0,10.440001,134.16449,606.43475,384.0,Vlissingen
2025-03-06 16:00:00+00:00,14.367499,11.910017,32.0,11.879999,113.022995,492.4751,259.0,Vlissingen
2025-03-06 17:00:00+00:00,12.7175,10.985262,0.0,9.0,69.4072,299.3672,116.0,Vlissingen
2025-03-06 18:00:00+00:00,11.3175,9.084608,0.0,10.440001,11.292299,9.315223,12.0,Vlissingen
2025-03-06 19:00:00+00:00,10.8175,7.9366913,0.0,14.4,0.0,0.0,0.0,Vlissingen
2025-03-06 20:00:00+00:00,10.0175,7.008974,0.0,14.04,0.0,0.0,0.0,Vlissingen
2025-03-06 21:00:00+00:00,9.4175,6.525442,11.0,14.04,0.0,0.0,0.0,Vlissingen
2025-03-06 22:00:00+00:00,9.1675,5.996478,0.0,15.84,0.0,0.0,0.0,Vlissingen
2025-03-06 23:00:00+00:00,8.4675,5.45496,0.0,13.679999,0.0,0.0,0.0,Vlissingen
2025-03-07 00:00:00+00:00,8.9675,5.698592,63.0,16.199999,0.0,0.0,0.0,Vlissingen
2025-03-07 01:00:00+00:00,8.4675,5.374423,0.0,14.759999,0.0,0.0,0.0,Vlissingen
2025-03-07 02:00:00+00:00,8.4175,5.509082,90.0,13.679999,0.0,0.0,0.0,Vlissingen
2025-03-07 03:00:00+00:00,7.8675003,4.9106283,2.0,13.679999,0.0,0.0,0.0,Vlissingen
2025-03-07 04:00:00+00:00,7.7675004,4.4942007,3.0,16.199999,0.0,0.0,0.0,Vlissingen
2025-03-07 05:00:00+00:00,7.7675004,4.368312,5.0,16.56,0.0,0.0,0.0,Vlissingen
2025-03-07 06:00:00+00:00,8.0675,4.383213,10.0,18.72,0.0,0.0,0.0,Vlissingen
2025-03-07 07:00:00+00:00,8.0675,4.9306145,1.0,15.4800005,16.172487,21.269379,18.0,Vlissingen
2025-03-07 08:00:00+00:00,8.4675,5.0069237,0.0,17.28,76.12324,301.84448,129.0,Vlissingen
2025-03-07 09:00:00+00:00,10.117499,7.145543,0.0,15.119999,117.19854,483.17468,269.0,Vlissingen
2025-03-07 10:00:00+00:00,12.2675,9.945549,2.0,12.959999,137.06944,601.6995,394.0,Vlissingen
2025-03-07 11:00:00+00:00,13.0675,10.531904,0.0,14.4,146.67665,666.64777,484.0,Vlissingen
2025-03-07 12:00:00+00:00,14.6675,12.259224,9.0,14.4,149.37668,710.22217,537.0,Vlissingen
2025-03-07 13:00:00+00:00,15.5175,13.181841,0.0,13.32,151.28821,687.421,525.0,Vlissingen
2025-03-07 14:00:00+00:00,15.8175,13.819044,27.0,11.5199995,144.84465,676.6421,483.0,Vlissingen
2025-03-07 15:00:00+00:00,16.567501,14.801588,0.0,9.0,136.60516,573.9269,376.0,Vlissingen
2025-03-07 16:00:00+00:00,16.0175,14.783134,0.0,5.7599998,114.182526,483.83774,260.0,Vlissingen
2025-03-07 17:00:00+00:00,15.0675,14.067528,0.0,5.04,71.19875,304.1786,120.0,Vlissingen
2025-03-07 18:00:00+00:00,11.867499,9.536692,0.0,9.36,12.183462,10.423099,13.0,Vlissingen
2025-03-07 19:00:00+00:00,11.117499,8.726289,10.0,9.0,0.0,0.0,0.0,Vlissingen
2025-03-07 20:00:00+00:00,10.2675,7.3506527,1.0,12.599999,0.0,0.0,0.0,Vlissingen
2025-03-07 21:00:00+00:00,10.4675,7.285119,0.0,12.599999,0.0,0.0,0.0,Vlissingen
2025-03-07 22:00:00+00:00,10.0175,7.038332,8.0,12.959999,0.0,0.0,0.0,Vlissingen
2025-03-07 23:00:00+00:00,9.4675,6.7002306,0.0,10.440001,0.0,0.0,0.0,Vlissingen
2025-03-08 00:00:00+00:00,8.867499,5.745269,0.0,12.599999,0.0,0.0,0.0,Vlissingen
2025-03-08 01:00:00+00:00,8.5675,5.89445,0.0,10.440001,0.0,0.0,0.0,Vlissingen
2025-03-08 02:00:00+00:00,8.5175,5.7923126,66.0,11.5199995,0.0,0.0,0.0,Vlissingen
2025-03-08 03:00:00+00:00,7.9175,5.086052,6.0,11.879999,0.0,0.0,0.0,Vlissingen
2025-03-08 04:00:00+00:00,8.367499,5.4381275,97.0,12.959999,0.0,0.0,0.0,Vlissingen
2025-03-08 05:00:00+00:00,8.0175,4.8552322,72.0,14.04,0.0,0.0,0.0,Vlissingen
2025-03-08 06:00:00+00:00,7.6175003,4.492159,5.0,12.959999,0.0,0.0,0.0,Vlissingen
2025-03-08 07:00:00+00:00,7.6175003,4.5608387,4.0,12.24,18.269726,30.718256,21.0,Vlissingen
2025-03-08 08:00:00+00:00,8.5175,5.5606394,7.0,11.5199995,78.36465,312.74777,135.0,Vlissingen
2025-03-08 09:00:00+00:00,9.4675,6.4263983,6.0,12.599999,118.47233,492.1432,276.0,Vlissingen
2025-03-08 10:00:00+00:00,11.7675,9.253087,0.0,10.799999,140.52014,562.4784,384.0,Vlissingen
2025-03-08 11:00:00+00:00,13.5675,10.8794,0.0,12.24,145.18225,697.22565,502.0,Vlissingen
2025-03-08 12:00:00+00:00,15.117499,12.228323,0.0,14.4,149.00882,723.57715,548.0,Vlissingen
2025-03-08 13:00:00+00:00,16.667501,13.572136,0.0,15.119999,168.43427,556.46423,474.0,Vlissingen
2025-03-08 14:00:00+00:00,17.567501,14.704107,0.0,14.4,144.72258,689.5849,493.0,Vlissingen
2025-03-08 15:00:00+00:00,17.667501,14.037598,0.0,16.919998,135.12695,627.3162,400.0,Vlissingen
2025-03-08 16:00:00+00:00,17.567501,14.389912,0.0,15.119999,115.2698,501.86987,269.0,Vlissingen
2025-03-08 17:00:00+00:00,16.6175,14.220491,44.0,12.959999,72.23577,283.04694,119.0,Vlissingen
2025-03-08 18:00:00+00:00,15.0675,12.100769,0.0,14.04,13.070273,11.521423,14.0,Vlissingen
2025-03-08 19:00:00+00:00,14.7175,11.774332,79.0,16.56,0.0,0.0,0.0,Vlissingen
2025-03-08 20:00:00+00:00,13.5675,10.778847,100.0,14.04,0.0,0.0,0.0,Vlissingen
2025-03-08 21:00:00+00:00,12.617499,9.558339,39.0,15.84,0.0,0.0,0.0,Vlissingen
2025-03-08 22:00:00+00:00,11.8175,9.686041,80.0,11.879999,0.0,0.0,0.0,Vlissingen
2025-03-08 23:00:00+00:00,11.117499,8.516289,28.0,10.440001,0.0,0.0,0.0,Vlissingen
2025-03-09 00:00:00+00:00,9.6675,7.306978,1.0,9.36,0.0,0.0,0.0,Vlissingen
2025-03-09 01:00:00+00:00,9.867499,7.351115,92.0,10.440001,0.0,0.0,0.0,Vlissingen
2025-03-09 02:00:00+00:00,8.9675,5.9830456,80.0,11.5199995,0.0,0.0,0.0,Vlissingen
2025-03-09 03:00:00+00:00,8.4675,5.476125,100.0,11.159999,0.0,0.0,0.0,Vlissingen
2025-03-09 04:00:00+00:00,8.7175,5.8011446,93.0,11.5199995,0.0,0.0,0.0,Vlissingen
2025-03-09 05:00:00+00:00,7.9175,4.5670547,93.0,11.879999,0.0,0.0,0.0,Vlissingen
2025-03-09 06:00:00+00:00,7.1675,3.6863723,98.0,12.599999,0.0,0.0,0.0,Vlissingen
2025-03-09 07:00:00+00:00,7.9175,4.879053,80.0,11.5199995,19.757,35.301613,23.0,Vlissingen
2025-03-09 08:00:00+00:00,8.867499,5.284436,90.0,13.32,80.901955,337.34064,144.0,Vlissingen
2025-03-09 09:00:00+00:00,10.5675,7.235483,1.0,12.24,120.276436,468.4299,273.0,Vlissingen
2025-03-09 10:00:00+00:00,12.7175,10.160991,0.0,10.799999,137.75693,629.59863,414.0,Vlissingen
2025-03-09 11:00:00+00:00,13.867499,10.802347,100.0,11.879999,145.87193,699.6866,508.0,Vlissingen
2025-03-09 12:00:00+00:00,15.0675,12.8078575,100.0,7.5599995,164.64296,600.21185,499.0,Vlissingen
2025-03-09 13:00:00+00:00,17.2175,14.897629,100.0,8.28,186.0898,430.7765,425.0,Vlissingen
2025-03-09 14:00:00+00:00,17.7175,15.075752,0.0,8.28,157.72784,564.84796,446.0,Vlissingen
2025-03-09 15:00:00+00:00,18.1175,15.127411,0.0,11.159999,135.86502,629.7837,405.0,Vlissingen
2025-03-09 16:00:00+00:00,17.917501,15.562809,78.0,9.0,116.358925,506.47632,274.0,Vlissingen
2025-03-09 17:00:00+00:00,16.7675,14.400921,0.0,9.36,73.58444,273.03595,120.0,Vlissingen
2025-03-09 18:00:00+00:00,15.1675,12.597092,0.0,11.879999,14.615485,16.668913,16.0,Vlissingen
2025-03-09 19:00:00+00:00,13.4175,11.597061,4.0,9.0,0.0,0.0,0.0,Vlissingen
2025-03-09 20:00:00+00:00,12.4675,10.574804,28.0,8.64,0.0,0.0,0.0,Vlissingen
2025-03-09 21:00:00+00:00,11.5175,9.547052,59.0,8.64,0.0,0.0,0.0,Vlissingen
2025-03-09 22:00:00+00:00,11.2175,9.646375,95.0,8.28,0.0,0.0,0.0,Vlissingen
2025-03-09 23:00:00+00:00,10.3175,8.757381,93.0,5.7599998,0.0,0.0,0.0,Vlissingen
2025-03-10 00:00:00+00:00,10.1675,8.16728,57.0,9.72,0.0,0.0,0.0,Vlissingen
2025-03-10 01:00:00+00:00,9.867499,7.773987,19.0,10.440001,0.0,0.0,0.0,Vlissingen
2025-03-10 02:00:00+00:00,8.7675,6.464472,87.0,9.0,0.0,0.0,0.0,Vlissingen
2025-03-10 03:00:00+00:00,8.7675,6.123431,88.0,10.799999,0.0,0.0,0.0,Vlissingen
2025-03-10 04:00:00+00:00,8.117499,5.6966925,97.0,9.36,0.0,0.0,0.0,Vlissingen
2025-03-10 05:00:00+00:00,7.5175004,4.7916574,100.0,10.08,0.0,0.0,0.0,Vlissingen
2025-03-10 06:00:00+00:00,6.8175,3.917161,73.0,10.08,0.0,0.0,0.0,Vlissingen
2025-03-10 07:00:00+00:00,7.6175003,4.859659,100.0,10.440001,18.968344,21.412209,21.0,Vlissingen
2025-03-10 08:00:00+00:00,8.9675,6.536875,94.0,9.36,82.41685,318.98547,144.0,Vlissingen
2025-03-10 09:00:00+00:00,10.6675,7.9571104,68.0,11.159999,121.914665,461.06122,275.0,Vlissingen
2025-03-10 10:00:00+00:00,13.5675,11.833292,100.0,7.92,152.96974,431.83145,345.0,Vlissingen
2025-03-10 11:00:00+00:00,14.617499,12.679298,99.0,7.92,176.38232,429.17374,401.0,Vlissingen
2025-03-10 12:00:00+00:00,15.617499,14.037249,4.0,3.2399998,153.64359,697.2361,546.0,Vlissingen
2025-03-10 13:00:00+00:00,16.2675,15.658501,80.0,2.8799999,149.05202,737.28314,562.0,Vlissingen
2025-03-10 14:00:00+00:00,16.3675,14.145775,11.0,12.24,146.55937,687.36017,501.0,Vlissingen
2025-03-10 15:00:00+00:00,15.0175,12.455095,55.0,14.04,136.39171,637.309,412.0,Vlissingen
2025-03-10 16:00:00+00:00,12.2175,9.314757,23.0,15.84,117.3943,523.7641,283.0,Vlissingen
2025-03-10 17:00:00+00:00,12.7675,10.007916,4.0,13.32,76.15251,308.0911,130.0,Vlissingen
2025-03-10 18:00:00+00:00,10.0675,7.237135,0.0,12.599999,16.110058,22.124718,18.0,Vlissingen
2025-03-10 19:00:00+00:00,6.5675,2.7273312,100.0,19.44,0.0,0.0,0.0,Vlissingen
2025-03-10 20:00:00+00:00,7.9675,4.4336834,2.0,17.28,0.0,0.0,0.0,Vlissingen
2025-03-10 21:00:00+00:00,7.6675,4.2942924,34.0,15.4800005,0.0,0.0,0.0,Vlissingen
2025-03-10 22:00:00+00:00,6.4675,3.0483003,87.0,15.4800005,0.0,0.0,0.0,Vlissingen
2025-03-10 23:00:00+00:00,7.2175,3.942253,81.0,14.4,0.0,0.0,0.0,Vlissingen
2025-03-11 00:00:00+00:00,7.2175,4.2754383,92.0,12.599999,0.0,0.0,0.0,Vlissingen
2025-03-11 01:00:00+00:00,6.2675004,1.783464,100.0,23.4,0.0,0.0,0.0,Vlissingen
2025-03-11 02:00:00+00:00,5.1675,0.5640912,100.0,23.039999,0.0,0.0,0.0,Vlissingen
2025-03-11 03:00:00+00:00,6.0675,2.0917654,94.0,18.72,0.0,0.0,0.0,Vlissingen
2025-03-11 04:00:00+00:00,7.1675,3.9362392,100.0,16.199999,0.0,0.0,0.0,Vlissingen
2025-03-11 05:00:00+00:00,6.1175003,1.7321587,100.0,21.599998,0.0,0.0,0.0,Vlissingen
2025-03-11 06:00:00+00:00,6.3175,1.8411541,100.0,21.599998,0.0,0.0,0.0,Vlissingen
2025-03-11 07:00:00+00:00,6.7675004,2.6113377,100.0,19.8,6.310468,0.0,6.0,Vlissingen
2025-03-11 08:00:00+00:00,6.7175,2.2595596,100.0,20.16,19.05076,0.0,19.0,Vlissingen
2025-03-11 09:00:00+00:00,7.2175,2.7124662,72.0,19.44,127.02929,272.05115,219.0,Vlissingen
2025-03-11 10:00:00+00:00,7.1675,2.9334302,84.0,17.28,158.57205,375.9677,328.0,Vlissingen
2025-03-11 11:00:00+00:00,7.4675,3.3356352,8.0,16.199999,189.08168,302.18494,349.0,Vlissingen
2025-03-11 12:00:00+00:00,8.367499,3.6950836,2.0,18.359999,160.04926,654.3739,532.0,Vlissingen
2025-03-11 13:00:00+00:00,8.5175,3.9777966,0.0,17.64,150.05716,735.4176,566.0,Vlissingen
2025-03-11 14:00:00+00:00,8.367499,3.4943085,0.0,17.64,145.67154,708.9476,515.0,Vlissingen
2025-03-11 15:00:00+00:00,8.2175,3.8750868,12.0,16.199999,136.23532,664.5116,427.0,Vlissingen
2025-03-11 16:00:00+00:00,7.7175,3.4088907,0.0,16.199999,119.951935,423.67902,256.0,Vlissingen
2025-03-11 17:00:00+00:00,6.9675,2.8757215,0.0,14.4,78.22632,327.32925,137.0,Vlissingen
2025-03-11 18:00:00+00:00,6.1175003,2.284298,58.0,13.32,18.110102,32.920288,21.0,Vlissingen
2025-03-11 19:00:00+00:00,6.0675,2.96694,71.0,9.36,0.0,0.0,0.0,Vlissingen
2025-03-11 20:00:00+00:00,5.5675,2.412942,100.0,9.36,0.0,0.0,0.0,Vlissingen
2025-03-11 21:00:00+00:00,5.3175,1.9965935,100.0,9.36,0.0,0.0,0.0,Vlissingen
2025-03-11 22:00:00+00:00,5.6675,2.5190344,100.0,9.0,0.0,0.0,0.0,Vlissingen
2025-03-11 23:00:00+00:00,5.1175003,2.5039058,100.0,5.7599998,0.0,0.0,0.0,Vlissingen
2025-03-12 00:00:00+00:00,4.9175,2.1500826,100.0,7.2,0.0,0.0,0.0,Vlissingen
2025-03-12 01:00:00+00:00,5.0675,2.553565,100.0,6.4799995,0.0,0.0,0.0,Vlissingen
2025-03-12 02:00:00+00:00,4.7675004,2.7003908,100.0,3.2399998,0.0,0.0,0.0,Vlissingen
2025-03-12 03:00:00+00:00,4.8175,1.934855,0.0,8.28,0.0,0.0,0.0,Vlissingen
2025-03-12 04:00:00+00:00,5.5675,2.6652946,100.0,9.36,0.0,0.0,0.0,Vlissingen
2025-03-12 05:00:00+00:00,5.6175003,2.1680646,100.0,12.959999,0.0,0.0,0.0,Vlissingen
2025-03-12 06:00:00+00:00,4.6675,1.564137,5.0,9.0,0.0,0.0,0.0,Vlissingen
2025-03-12 07:00:00+00:00,5.5675,2.6231623,10.0,9.0,25.468359,64.66513,32.0,Vlissingen
2025-03-12 08:00:00+00:00,5.9175,2.6133204,99.0,10.799999,87.02649,355.566,160.0,Vlissingen
2025-03-12 09:00:00+00:00,6.1675,2.2703376,1.0,14.04,113.82168,93.505585,146.0,Vlissingen
2025-03-12 10:00:00+00:00,7.0675,3.2886205,0.0,14.04,138.98135,663.60486,442.0,Vlissingen
2025-03-12 11:00:00+00:00,6.5175004,2.8959231,100.0,14.4,146.88799,719.763,532.0,Vlissingen
2025-03-12 12:00:00+00:00,7.3175,2.8809214,1.0,18.359999,206.65036,284.53775,370.0,Vlissingen
2025-03-12 13:00:00+00:00,7.4675,3.75801,0.0,15.4800005,149.83607,746.2444,576.0,Vlissingen
2025-03-12 14:00:00+00:00,7.2675004,3.438159,5.0,15.84,145.53099,721.08813,525.0,Vlissingen
2025-03-12 15:00:00+00:00,7.1175003,3.4519591,29.0,12.599999,147.18542,501.09668,369.0,Vlissingen
2025-03-12 16:00:00+00:00,7.0175004,3.6155596,17.0,10.440001,119.86288,491.17197,280.0,Vlissingen
2025-03-12 17:00:00+00:00,6.3175,3.089251,0.0,10.08,78.58243,278.94687,130.0,Vlissingen
2025-03-12 18:00:00+00:00,5.6675,2.896243,0.0,5.7599998,19.49368,38.894463,23.0,Vlissingen
2025-03-12 19:00:00+00:00,4.8175,2.4303336,42.0,3.2399998,0.0,0.0,0.0,Vlissingen
2025-03-12 20:00:00+00:00,3.9675,1.6671133,44.0,2.8799999,0.0,0.0,0.0,Vlissingen
2025-03-12 21:00:00+00:00,4.7675004,2.2290397,0.0,5.04,0.0,0.0,0.0,Vlissingen
2025-03-12 22:00:00+00:00,3.6675,1.0274882,97.0,4.68,0.0,0.0,0.0,Vlissingen
2025-03-12 23:00:00+00:00,3.6675,0.9804692,15.0,5.7599998,0.0,0.0,0.0,Vlissingen
2025-03-13 00:00:00+00:00,3.6175,0.94444704,4.0,5.04,0.0,0.0,0.0,Vlissingen
2025-03-13 01:00:00+00:00,3.5175,0.3578596,8.0,8.64,0.0,0.0,0.0,Vlissingen
2025-03-13 02:00:00+00:00,3.8675,1.1410813,100.0,6.8399997,0.0,0.0,0.0,Vlissingen
2025-03-13 03:00:00+00:00,3.5175,0.30535936,60.0,9.0,0.0,0.0,0.0,Vlissingen
2025-03-13 04:00:00+00:00,3.8675,0.8399973,95.0,7.5599995,0.0,0.0,0.0,Vlissingen
2025-03-13 05:00:00+00:00,2.5175,-0.3558507,87.0,5.3999996,0.0,0.0,0.0,Vlissingen
2025-03-13 06:00:00+00:00,2.6175,-0.5529752,4.0,6.8399997,0.0,0.0,0.0,Vlissingen
2025-03-13 07:00:00+00:00,4.3175,1.8318114,0.0,3.96,22.96604,29.143467,26.0,Vlissingen
2025-03-13 08:00:00+00:00,4.5175004,2.0123405,13.0,4.32,87.791855,294.30032,150.0,Vlissingen
2025-03-13 09:00:00+00:00,5.5675,2.6333094,29.0,7.2,124.28068,541.7022,314.0,Vlissingen
2025-03-13 10:00:00+00:00,5.7175,3.4717822,0.0,3.96,160.05716,406.25623,348.0,Vlissingen
2025-03-13 11:00:00+00:00,6.5175004,2.7393436,98.0,12.24,182.15471,426.77307,413.0,Vlissingen
2025-03-13 12:00:00+00:00,7.8175,3.498042,0.0,15.119999,210.1718,253.25352,357.0,Vlissingen
2025-03-13 13:00:00+00:00,7.1675,3.055708,10.0,16.199999,178.3685,538.7649,489.0,Vlissingen
2025-03-13 14:00:00+00:00,6.9175,2.7453508,100.0,16.56,152.10757,658.2792,502.0,Vlissingen
2025-03-13 15:00:00+00:00,7.4175,3.169691,91.0,16.199999,161.41226,300.59158,296.0,Vlissingen
2025-03-13 16:00:00+00:00,6.9175,2.2572365,0.0,18.72,119.40918,152.8705,170.0,Vlissingen
2025-03-13 17:00:00+00:00,6.0675,1.1960096,0.0,20.16,81.85549,349.7994,148.0,Vlissingen
2025-03-13 18:00:00+00:00,5.4175,1.2626534,1.0,14.759999,20.84805,44.880104,25.0,Vlissingen
2025-03-13 19:00:00+00:00,4.3175,0.77116585,0.0,10.440001,0.0,0.0,0.0,Vlissingen
2025-03-13 20:00:00+00:00,3.4675,0.060380936,0.0,9.72,0.0,0.0,0.0,Vlissingen
2025-03-13 21:00:00+00:00,3.3174999,-0.08927822,0.0,9.0,0.0,0.0,0.0,Vlissingen
2025-03-13 22:00:00+00:00,3.2175,0.032292366,6.0,7.5599995,0.0,0.0,0.0,Vlissingen
2025-03-13 23:00:00+00:00,2.3675,-1.4507649,7.0,12.24,0.0,0.0,0.0,Vlissingen
2025-03-14 00:00:00+00:00,2.7675,-0.45847654,3.0,6.8399997,0.0,0.0,0.0,Vlissingen
2025-03-14 01:00:00+00:00,3.3174999,0.48822165,7.0,5.04,0.0,0.0,0.0,Vlissingen
2025-03-14 02:00:00+00:00,1.8175,-0.74939966,0.0,3.2399998,0.0,0.0,0.0,Vlissingen
2025-03-14 03:00:00+00:00,1.4675,-2.0845973,1.0,7.2,0.0,0.0,0.0,Vlissingen
2025-03-14 04:00:00+00:00,1.2674999,-2.4026606,0.0,7.2,0.0,0.0,0.0,Vlissingen
2025-03-14 05:00:00+00:00,2.2175,-0.01910448,4.0,0.71999997,0.0,0.0,0.0,Vlissingen
2025-03-14 06:00:00+00:00,1.1675,-2.211873,3.0,5.7599998,0.0,0.0,0.0,Vlissingen
2025-03-14 07:00:00+00:00,2.5175,0.17388582,100.0,0.71999997,25.024988,37.073246,29.0,Vlissingen
2025-03-14 08:00:00+00:00,3.8174999,0.9785228,19.0,4.68,90.09345,312.1419,158.0,Vlissingen
2025-03-14 09:00:00+00:00,5.1175003,1.3674479,1.0,9.36,132.73517,272.95303,230.0,Vlissingen
2025-03-14 10:00:00+00:00,6.1175003,2.061974,92.0,10.799999,138.83427,713.07306,473.0,Vlissingen
2025-03-14 11:00:00+00:00,6.1675,2.31538,0.0,10.799999,180.27594,458.55948,431.0,Vlissingen
2025-03-14 12:00:00+00:00,6.5675,2.6064773,23.0,11.879999,151.57372,750.5897,591.0,Vlissingen
2025-03-14 13:00:00+00:00,6.8675003,2.7467475,99.0,12.599999,161.42883,665.88983,549.0,Vlissingen
2025-03-14 14:00:00+00:00,7.0675,2.2214456,87.0,17.28,169.76152,520.19836,449.0,Vlissingen
2025-03-14 15:00:00+00:00,6.9675,2.1260614,0.0,16.919998,151.61774,477.86322,368.0,Vlissingen
2025-03-14 16:00:00+00:00,6.6675,2.099914,0.0,15.4800005,121.32225,564.7952,311.0,Vlissingen
2025-03-14 17:00:00+00:00,6.2675004,1.6358671,0.0,16.919998,83.663605,362.84045,154.0,Vlissingen
2025-03-14 18:00:00+00:00,5.2675004,0.72790813,27.0,15.119999,22.176573,50.8407,27.0,Vlissingen
2025-03-14 19:00:00+00:00,4.2675004,0.1915865,2.0,12.24,0.0,0.0,0.0,Vlissingen
2025-03-14 20:00:00+00:00,3.8174999,-0.44563198,0.0,13.679999,0.0,0.0,0.0,Vlissingen
2025-03-14 21:00:00+00:00,3.7175,-0.83377886,2.0,14.04,0.0,0.0,0.0,Vlissingen
2025-03-14 22:00:00+00:00,2.9675,-1.4898171,10.0,14.4,0.0,0.0,0.0,Vlissingen
2025-03-14 23:00:00+00:00,2.2675,-2.1516743,0.0,13.679999,0.0,0.0,0.0,Vlissingen
2025-03-15 00:00:00+00:00,1.8675,-2.518509,0.0,12.599999,0.0,0.0,0.0,Vlissingen
2025-03-15 01:00:00+00:00,1.8675,-2.2550173,0.0,12.959999,0.0,0.0,0.0,Vlissingen
2025-03-15 02:00:00+00:00,1.6675,-3.0622725,0.0,15.119999,0.0,0.0,0.0,Vlissingen
2025-03-15 03:00:00+00:00,1.3175,-3.0350585,0.0,12.24,0.0,0.0,0.0,Vlissingen
2025-03-15 04:00:00+00:00,1.0174999,-2.9416413,0.0,10.08,0.0,0.0,0.0,Vlissingen
2025-03-15 05:00:00+00:00,2.4175,-2.112338,89.0,14.4,0.0,0.0,0.0,Vlissingen
2025-03-15 06:00:00+00:00,3.0175,-1.4584358,25.0,15.84,0.0,0.0,0.0,Vlissingen
2025-03-15 07:00:00+00:00,2.3174999,-2.2869523,100.0,16.199999,26.056503,35.736107,30.0,Vlissingen
2025-03-15 08:00:00+00:00,3.2175,-1.5200045,4.0,16.919998,92.17996,320.98978,164.0,Vlissingen
2025-03-15 09:00:00+00:00,4.3675003,-1.3442369,100.0,21.96,125.98073,595.9647,342.0,Vlissingen
2025-03-15 10:00:00+00:00,4.8175,0.12813282,100.0,18.0,156.49388,100.08935,204.0,Vlissingen
2025-03-15 11:00:00+00:00,6.3175,1.4691238,100.0,18.0,170.78607,67.341415,208.0,Vlissingen
2025-03-15 12:00:00+00:00,6.9175,2.122138,1.0,16.56,178.03358,568.3715,514.0,Vlissingen
2025-03-15 13:00:00+00:00,7.4675,2.8094053,0.0,18.0,152.54446,744.61584,590.0,Vlissingen
2025-03-15 14:00:00+00:00,7.7175,3.1688337,1.0,15.84,194.31828,290.90387,352.0,Vlissingen
2025-03-15 15:00:00+00:00,6.8675003,1.1702614,97.0,24.119999,164.4757,195.52611,254.0,Vlissingen
2025-03-15 16:00:00+00:00,6.8175,-0.26810503,64.0,33.12,127.78697,261.84103,217.0,Vlissingen
2025-03-15 17:00:00+00:00,6.2675004,0.23775768,100.0,26.28,81.11242,210.92003,123.0,Vlissingen
2025-03-15 18:00:00+00:00,5.9175,0.9089117,22.0,18.72,8.332212,0.0,8.0,Vlissingen
2025-03-15 19:00:00+00:00,4.7675004,-0.34833384,100.0,19.44,0.0,0.0,0.0,Vlissingen
2025-03-15 20:00:00+00:00,5.5675,0.72147083,100.0,16.199999,0.0,0.0,0.0,Vlissingen
2025-03-15 21:00:00+00:00,3.8675,-0.78768325,1.0,15.84,0.0,0.0,0.0,Vlissingen
2025-03-15 22:00:00+00:00,3.5175,-1.1164598,0.0,18.0,0.0,0.0,0.0,Vlissingen
2025-03-15 23:00:00+00:00,4.0675,-0.6966307,100.0,18.72,0.0,0.0,0.0,Vlissingen
2025-03-05 00:00:00+00:00,3.45,0.39999104,0.0,5.7599998,0.0,0.0,0.0,Sittard
2025-03-05 01:00:00+00:00,4.25,1.175755,0.0,7.92,0.0,0.0,0.0,Sittard
2025-03-05 02:00:00+00:00,3.85,0.49427032,0.0,8.64,0.0,0.0,0.0,Sittard
2025-03-05 03:00:00+00:00,3.05,-0.18795633,0.0,6.8399997,0.0,0.0,0.0,Sittard
2025-03-05 04:00:00+00:00,3.85,0.44868135,0.0,9.72,0.0,0.0,0.0,Sittard
2025-03-05 05:00:00+00:00,2.9,-0.4115286,0.0,6.8399997,0.0,0.0,0.0,Sittard
2025-03-05 06:00:00+00:00,2.65,-0.094575405,0.0,3.6,0.0,0.0,0.0,Sittard
2025-03-05 07:00:00+00:00,3.85,0.41724873,0.0,9.36,20.968805,43.294365,25.0,Sittard
2025-03-05 08:00:00+00:00,5.8,2.4902854,0.0,8.28,81.82342,350.21613,148.0,Sittard
2025-03-05 09:00:00+00:00,8.55,5.2541246,0.0,10.440001,119.37371,542.03424,296.0,Sittard
2025-03-05 10:00:00+00:00,11.0,8.061835,0.0,10.08,136.2641,652.08496,420.0,Sittard
2025-03-05 11:00:00+00:00,13.15,10.319278,0.0,9.0,143.34314,719.90607,510.0,Sittard
2025-03-05 12:00:00+00:00,14.65,12.046356,0.0,9.0,146.09375,745.15295,551.0,Sittard
2025-03-05 13:00:00+00:00,15.7,13.3878,0.0,5.3999996,146.03592,730.72736,537.0,Sittard
2025-03-05 14:00:00+00:00,16.5,14.10767,0.0,6.4799995,141.39511,696.3275,479.0,Sittard
2025-03-05 15:00:00+00:00,16.35,14.431232,0.0,7.92,131.32056,612.4748,374.0,Sittard
2025-03-05 16:00:00+00:00,16.2,14.837059,0.0,4.32,107.86092,461.88632,235.0,Sittard
2025-03-05 17:00:00+00:00,15.1,14.104038,0.0,1.8,59.11507,241.5072,93.0,Sittard
2025-03-05 18:00:00+00:00,12.65,11.384956,0.0,3.2399998,5.053966,0.0,5.0,Sittard
2025-03-05 19:00:00+00:00,10.85,8.4260845,0.0,10.08,0.0,0.0,0.0,Sittard
2025-03-05 20:00:00+00:00,9.65,6.615608,0.0,12.24,0.0,0.0,0.0,Sittard
2025-03-05 21:00:00+00:00,8.1,4.9776936,0.0,12.599999,0.0,0.0,0.0,Sittard
2025-03-05 22:00:00+00:00,7.95,5.0383005,0.0,10.440001,0.0,0.0,0.0,Sittard
2025-03-05 23:00:00+00:00,7.5,4.131302,0.0,12.24,0.0,0.0,0.0,Sittard
2025-03-06 00:00:00+00:00,6.9,3.9131851,0.0,9.36,0.0,0.0,0.0,Sittard
2025-03-06 01:00:00+00:00,6.3,3.411479,0.0,8.64,0.0,0.0,0.0,Sittard
2025-03-06 02:00:00+00:00,5.7,2.4201417,0.0,9.72,0.0,0.0,0.0,Sittard
2025-03-06 03:00:00+00:00,5.35,1.9699945,0.0,10.440001,0.0,0.0,0.0,Sittard
2025-03-06 04:00:00+00:00,6.7,3.0289454,0.0,14.04,0.0,0.0,0.0,Sittard
2025-03-06 05:00:00+00:00,6.05,2.6385546,0.0,10.799999,0.0,0.0,0.0,Sittard
2025-03-06 06:00:00+00:00,6.05,2.5661697,0.0,11.5199995,0.0,0.0,0.0,Sittard
2025-03-06 07:00:00+00:00,7.25,3.76655,0.0,12.959999,22.406975,47.80615,27.0,Sittard
2025-03-06 08:00:00+00:00,9.75,6.431568,0.0,12.599999,83.59144,345.91266,151.0,Sittard
2025-03-06 09:00:00+00:00,12.3,9.09458,0.0,12.599999,120.64414,528.53595,296.0,Sittard
2025-03-06 10:00:00+00:00,13.4,10.252034,8.0,13.679999,139.52525,604.2577,406.0,Sittard
2025-03-06 11:00:00+00:00,14.45,11.015102,99.0,14.4,160.7768,547.90485,443.0,Sittard
2025-03-06 12:00:00+00:00,15.35,11.907179,100.0,14.4,168.70506,554.23285,473.0,Sittard
2025-03-06 13:00:00+00:00,16.85,13.890598,100.0,10.799999,185.66502,392.83295,398.0,Sittard
2025-03-06 14:00:00+00:00,17.3,14.427626,0.0,9.36,148.8417,608.3113,447.0,Sittard
2025-03-06 15:00:00+00:00,17.75,14.744902,0.0,9.36,132.16037,612.54565,378.0,Sittard
2025-03-06 16:00:00+00:00,17.8,15.576923,0.0,6.4799995,109.13765,474.18857,242.0,Sittard
2025-03-06 17:00:00+00:00,15.9,13.118313,0.0,9.72,61.24359,257.4364,98.0,Sittard
2025-03-06 18:00:00+00:00,13.4,11.406137,0.0,5.3999996,5.9990897,0.014058853,6.0,Sittard
2025-03-06 19:00:00+00:00,12.1,9.718317,0.0,9.72,0.0,0.0,0.0,Sittard
2025-03-06 20:00:00+00:00,11.3,8.795851,0.0,9.72,0.0,0.0,0.0,Sittard
2025-03-06 21:00:00+00:00,10.45,7.8699226,0.0,11.159999,0.0,0.0,0.0,Sittard
2025-03-06 22:00:00+00:00,9.6,6.815735,12.0,11.879999,0.0,0.0,0.0,Sittard
2025-03-06 23:00:00+00:00,10.0,6.764469,0.0,14.4,0.0,0.0,0.0,Sittard
2025-03-07 00:00:00+00:00,9.65,6.740634,0.0,12.24,0.0,0.0,0.0,Sittard
2025-03-07 01:00:00+00:00,9.75,7.019168,0.0,11.159999,0.0,0.0,0.0,Sittard
2025-03-07 02:00:00+00:00,9.3,6.5161934,0.0,11.159999,0.0,0.0,0.0,Sittard
2025-03-07 03:00:00+00:00,9.1,6.2099676,49.0,11.879999,0.0,0.0,0.0,Sittard
2025-03-07 04:00:00+00:00,8.95,6.226101,7.0,10.799999,0.0,0.0,0.0,Sittard
2025-03-07 05:00:00+00:00,7.95,4.9179535,35.0,11.5199995,0.0,0.0,0.0,Sittard
2025-03-07 06:00:00+00:00,8.1,4.722557,82.0,13.32,0.0,0.0,0.0,Sittard
2025-03-07 07:00:00+00:00,8.05,5.105321,99.0,10.799999,23.361618,46.833176,28.0,Sittard
2025-03-07 08:00:00+00:00,10.05,6.949291,100.0,12.959999,84.32385,292.25198,143.0,Sittard
2025-03-07 09:00:00+00:00,12.55,9.432825,54.0,14.4,126.76313,255.38358,213.0,Sittard
2025-03-07 10:00:00+00:00,14.55,11.646709,0.0,14.04,140.08368,613.00244,414.0,Sittard
2025-03-07 11:00:00+00:00,13.7,11.476437,79.0,12.24,147.68755,684.1014,504.0,Sittard
2025-03-07 12:00:00+00:00,16.75,14.619642,100.0,10.440001,175.7622,512.45856,460.0,Sittard
2025-03-07 13:00:00+00:00,18.25,15.348423,93.0,9.72,173.62428,509.86942,452.0,Sittard
2025-03-07 14:00:00+00:00,18.25,15.328135,100.0,9.36,153.6972,569.8362,436.0,Sittard
2025-03-07 15:00:00+00:00,18.4,14.747705,96.0,11.5199995,148.63086,269.10223,258.0,Sittard
2025-03-07 16:00:00+00:00,18.05,15.213306,99.0,7.5599995,110.30113,255.00415,183.0,Sittard
2025-03-07 17:00:00+00:00,16.8,14.569756,43.0,7.5599995,54.402214,100.50896,69.0,Sittard
2025-03-07 18:00:00+00:00,14.55,12.294008,7.0,6.8399997,6.079625,0.0,6.0,Sittard
2025-03-07 19:00:00+00:00,12.4,9.526082,0.0,10.799999,0.0,0.0,0.0,Sittard
2025-03-07 20:00:00+00:00,11.55,8.709821,0.0,10.440001,0.0,0.0,0.0,Sittard
2025-03-07 21:00:00+00:00,10.7,7.8410397,0.0,10.08,0.0,0.0,0.0,Sittard
2025-03-07 22:00:00+00:00,10.6,7.6815977,0.0,11.879999,0.0,0.0,0.0,Sittard
2025-03-07 23:00:00+00:00,9.6,6.2953806,1.0,12.599999,0.0,0.0,0.0,Sittard
2025-03-08 00:00:00+00:00,9.3,6.383421,0.0,9.0,0.0,0.0,0.0,Sittard
2025-03-08 01:00:00+00:00,9.55,6.3713465,0.0,12.24,0.0,0.0,0.0,Sittard
2025-03-08 02:00:00+00:00,8.35,5.168762,0.0,8.64,0.0,0.0,0.0,Sittard
2025-03-08 03:00:00+00:00,6.0,3.6177235,0.0,3.2399998,0.0,0.0,0.0,Sittard
2025-03-08 04:00:00+00:00,7.8,5.1582575,0.0,6.12,0.0,0.0,0.0,Sittard
2025-03-08 05:00:00+00:00,5.6,2.9742646,0.0,2.52,0.0,0.0,0.0,Sittard
2025-03-08 06:00:00+00:00,5.65,3.1154065,0.0,2.16,0.0,0.0,0.0,Sittard
2025-03-08 07:00:00+00:00,5.95,3.5954103,0.0,1.4399999,26.852894,79.87299,35.0,Sittard
2025-03-08 08:00:00+00:00,8.7,6.1655188,0.0,4.32,87.919945,377.81897,166.0,Sittard
2025-03-08 09:00:00+00:00,11.0,8.288297,0.0,5.3999996,122.80117,553.6191,313.0,Sittard
2025-03-08 10:00:00+00:00,13.95,11.964695,0.0,6.4799995,138.58875,659.2288,437.0,Sittard
2025-03-08 11:00:00+00:00,15.85,13.269115,0.0,8.28,147.01988,702.62195,517.0,Sittard
2025-03-08 12:00:00+00:00,16.9,14.328005,47.0,11.159999,148.15611,747.61414,567.0,Sittard
2025-03-08 13:00:00+00:00,18.95,16.546896,7.0,10.799999,151.17407,701.5409,538.0,Sittard
2025-03-08 14:00:00+00:00,19.05,15.84614,34.0,12.24,144.59698,681.9213,486.0,Sittard
2025-03-08 15:00:00+00:00,18.5,15.181356,65.0,14.4,134.0391,607.47516,384.0,Sittard
2025-03-08 16:00:00+00:00,18.9,15.658026,0.0,14.4,111.50067,460.39703,245.0,Sittard
2025-03-08 17:00:00+00:00,17.15,14.381355,0.0,10.799999,64.651245,266.43063,104.0,Sittard
2025-03-08 18:00:00+00:00,14.6,12.432245,0.0,8.28,7.026017,0.0,7.0,Sittard
2025-03-08 19:00:00+00:00,13.4,11.09024,63.0,7.2,0.0,0.0,0.0,Sittard
2025-03-08 20:00:00+00:00,12.15,9.795621,28.0,7.92,0.0,0.0,0.0,Sittard
2025-03-08 21:00:00+00:00,10.4,7.8866577,0.0,6.12,0.0,0.0,0.0,Sittard
2025-03-08 22:00:00+00:00,10.45,7.7012997,2.0,9.0,0.0,0.0,0.0,Sittard
2025-03-08 23:00:00+00:00,8.2,5.665001,0.0,6.12,0.0,0.0,0.0,Sittard
2025-03-09 00:00:00+00:00,8.1,5.007386,0.0,10.08,0.0,0.0,0.0,Sittard
2025-03-09 01:00:00+00:00,7.45,4.704937,98.0,8.64,0.0,0.0,0.0,Sittard
2025-03-09 02:00:00+00:00,6.75,3.9508953,0.0,6.4799995,0.0,0.0,0.0,Sittard
2025-03-09 03:00:00+00:00,7.0,3.9096756,43.0,9.0,0.0,0.0,0.0,Sittard
2025-03-09 04:00:00+00:00,7.4,5.2420816,30.0,5.04,0.0,0.0,0.0,Sittard
2025-03-09 05:00:00+00:00,4.9,2.330976,25.0,3.96,0.0,0.0,0.0,Sittard
2025-03-09 06:00:00+00:00,5.2,2.21517,18.0,7.5599995,0.0,0.0,0.0,Sittard
2025-03-09 07:00:00+00:00,7.2,5.0914755,88.0,4.68,28.213814,83.68903,37.0,Sittard
2025-03-09 08:00:00+00:00,7.85,5.3529835,71.0,4.68,89.37297,360.44315,166.0,Sittard
2025-03-09 09:00:00+00:00,10.95,8.804212,95.0,3.96,124.05118,546.394,315.0,Sittard
2025-03-09 10:00:00+00:00,14.55,13.044094,31.0,2.8799999,140.66443,637.5658,433.0,Sittard
2025-03-09 11:00:00+00:00,16.15,13.797241,16.0,3.6,148.10811,700.5123,521.0,Sittard
2025-03-09 12:00:00+00:00,17.55,15.245882,100.0,7.92,152.39738,713.28357,556.0,Sittard
2025-03-09 13:00:00+00:00,18.95,16.94877,100.0,6.4799995,156.46902,663.64545,526.0,Sittard
2025-03-09 14:00:00+00:00,19.3,16.1215,96.0,8.64,150.37329,625.884,467.0,Sittard
2025-03-09 15:00:00+00:00,18.65,15.489618,98.0,10.440001,135.49312,594.21796,383.0,Sittard
2025-03-09 16:00:00+00:00,18.55,15.975847,100.0,9.36,112.68401,465.73108,250.0,Sittard
2025-03-09 17:00:00+00:00,16.9,14.808954,100.0,7.2,64.48967,216.53743,97.0,Sittard
2025-03-09 18:00:00+00:00,14.55,12.571594,100.0,6.12,7.961785,0.5328201,8.0,Sittard
2025-03-09 19:00:00+00:00,13.35,12.033085,100.0,2.8799999,0.0,0.0,0.0,Sittard
2025-03-09 20:00:00+00:00,11.95,10.589972,100.0,2.16,0.0,0.0,0.0,Sittard
2025-03-09 21:00:00+00:00,11.05,9.379623,100.0,3.96,0.0,0.0,0.0,Sittard
2025-03-09 22:00:00+00:00,10.55,9.07493,100.0,2.52,0.0,0.0,0.0,Sittard
2025-03-09 23:00:00+00:00,9.0,7.5319033,99.0,1.4399999,0.0,0.0,0.0,Sittard
2025-03-10 00:00:00+00:00,8.1,6.425126,0.0,2.16,0.0,0.0,0.0,Sittard
2025-03-10 01:00:00+00:00,7.75,5.9338093,1.0,2.16,0.0,0.0,0.0,Sittard
2025-03-10 02:00:00+00:00,7.35,5.214118,0.0,3.6,0.0,0.0,0.0,Sittard
2025-03-10 03:00:00+00:00,5.85,3.99224,0.0,0.35999998,0.0,0.0,0.0,Sittard
2025-03-10 04:00:00+00:00,5.55,3.1904101,91.0,2.16,0.0,0.0,0.0,Sittard
2025-03-10 05:00:00+00:00,4.75,2.4795542,49.0,2.16,0.0,0.0,0.0,Sittard
2025-03-10 06:00:00+00:00,3.9,1.2099371,4.0,4.32,0.0,0.0,0.0,Sittard
2025-03-10 07:00:00+00:00,5.2,2.928419,7.0,2.8799999,27.149603,54.16775,33.0,Sittard
2025-03-10 08:00:00+00:00,7.3,4.4846897,29.0,5.7599998,91.7802,394.4553,178.0,Sittard
2025-03-10 09:00:00+00:00,9.3,6.7349434,0.0,3.2399998,125.336975,542.0525,318.0,Sittard
2025-03-10 10:00:00+00:00,11.65,9.483708,0.0,4.32,139.94257,667.64606,450.0,Sittard
2025-03-10 11:00:00+00:00,14.15,11.586309,12.0,6.12,147.08278,722.78864,536.0,Sittard
2025-03-10 12:00:00+00:00,16.0,13.800333,0.0,6.4799995,150.16307,743.439,575.0,Sittard
2025-03-10 13:00:00+00:00,17.15,15.307623,0.0,6.4799995,149.15652,739.6054,565.0,Sittard
2025-03-10 14:00:00+00:00,18.35,15.844313,0.0,6.12,144.99477,698.4687,502.0,Sittard
2025-03-10 15:00:00+00:00,17.65,14.838816,0.0,9.36,135.15918,623.47687,398.0,Sittard
2025-03-10 16:00:00+00:00,17.55,15.086643,0.0,9.72,113.77965,491.20874,261.0,Sittard
2025-03-10 17:00:00+00:00,16.45,13.718697,0.0,10.08,68.49184,289.27765,113.0,Sittard
2025-03-10 18:00:00+00:00,14.05,11.760963,3.0,7.5599995,9.6838455,4.269089,10.0,Sittard
2025-03-10 19:00:00+00:00,12.75,10.623094,100.0,7.2,0.0,0.0,0.0,Sittard
2025-03-10 20:00:00+00:00,10.9,8.852436,1.0,5.3999996,0.0,0.0,0.0,Sittard
2025-03-10 21:00:00+00:00,10.1,7.7969694,80.0,7.5599995,0.0,0.0,0.0,Sittard
2025-03-10 22:00:00+00:00,10.15,8.712052,79.0,2.8799999,0.0,0.0,0.0,Sittard
2025-03-10 23:00:00+00:00,9.25,6.9903584,99.0,9.72,0.0,0.0,0.0,Sittard
2025-03-11 00:00:00+00:00,8.65,6.7038813,95.0,5.04,0.0,0.0,0.0,Sittard
2025-03-11 01:00:00+00:00,7.75,5.4444675,61.0,8.28,0.0,0.0,0.0,Sittard
2025-03-11 02:00:00+00:00,6.55,4.089532,0.0,6.4799995,0.0,0.0,0.0,Sittard
2025-03-11 03:00:00+00:00,6.55,3.6882725,53.0,9.0,0.0,0.0,0.0,Sittard
2025-03-11 04:00:00+00:00,5.0,2.4010744,100.0,8.64,0.0,0.0,0.0,Sittard
2025-03-11 05:00:00+00:00,4.15,1.1398449,100.0,9.72,0.0,0.0,0.0,Sittard
2025-03-11 06:00:00+00:00,4.25,1.2959037,100.0,8.28,0.0,0.0,0.0,Sittard
2025-03-11 07:00:00+00:00,5.3,3.160966,100.0,6.12,12.3044815,0.0,12.0,Sittard
2025-03-11 08:00:00+00:00,4.1,0.95150757,100.0,10.799999,19.958675,0.18397881,20.0,Sittard
2025-03-11 09:00:00+00:00,3.8,1.0583763,100.0,6.4799995,96.11491,38.416824,110.0,Sittard
2025-03-11 10:00:00+00:00,6.45,4.577385,100.0,3.2399998,23.557419,0.94102687,24.0,Sittard
2025-03-11 11:00:00+00:00,6.8,4.5262756,100.0,5.7599998,110.30662,14.145826,118.0,Sittard
2025-03-11 12:00:00+00:00,4.95,2.662355,100.0,5.3999996,87.00675,5.187,90.0,Sittard
2025-03-11 13:00:00+00:00,6.35,4.290105,100.0,5.7599998,73.95024,3.6107519,76.0,Sittard
2025-03-11 14:00:00+00:00,7.6,5.165951,100.0,7.2,41.177776,1.5923458,42.0,Sittard
2025-03-11 15:00:00+00:00,6.7,4.3177147,98.0,6.8399997,64.064415,6.881133,67.0,Sittard
2025-03-11 16:00:00+00:00,7.75,5.582158,100.0,4.32,113.3662,179.37712,168.0,Sittard
2025-03-11 17:00:00+00:00,7.95,5.0342684,66.0,7.92,39.62726,14.962625,42.0,Sittard
2025-03-11 18:00:00+00:00,6.95,4.1813154,100.0,8.64,9.807419,2.521119,10.0,Sittard
2025-03-11 19:00:00+00:00,5.75,1.6659155,42.0,13.32,0.0,0.0,0.0,Sittard
2025-03-11 20:00:00+00:00,5.15,1.1941719,97.0,10.799999,0.0,0.0,0.0,Sittard
2025-03-11 21:00:00+00:00,4.4,0.73893976,99.0,9.72,0.0,0.0,0.0,Sittard
2025-03-11 22:00:00+00:00,3.75,0.37916088,28.0,8.64,0.0,0.0,0.0,Sittard
2025-03-11 23:00:00+00:00,4.0,0.6186609,52.0,9.36,0.0,0.0,0.0,Sittard
2025-03-12 00:00:00+00:00,3.0,-0.24447441,31.0,7.92,0.0,0.0,0.0,Sittard
2025-03-12 01:00:00+00:00,2.2,-0.88196516,71.0,6.8399997,0.0,0.0,0.0,Sittard
2025-03-12 02:00:00+00:00,2.15,-0.8098736,38.0,6.12,0.0,0.0,0.0,Sittard
2025-03-12 03:00:00+00:00,2.25,-0.7967093,84.0,6.4799995,0.0,0.0,0.0,Sittard
2025-03-12 04:00:00+00:00,2.5,-0.72139907,49.0,8.64,0.0,0.0,0.0,Sittard
2025-03-12 05:00:00+00:00,1.75,-1.3849788,51.0,7.5599995,0.0,0.0,0.0,Sittard
2025-03-12 06:00:00+00:00,0.9,-2.3818848,91.0,7.2,0.0,0.0,0.0,Sittard
2025-03-12 07:00:00+00:00,2.45,-0.5423665,100.0,6.8399997,21.199617,7.013187,22.0,Sittard
2025-03-12 08:00:00+00:00,3.8,0.94685936,97.0,6.4799995,65.46258,37.007282,74.0,Sittard
2025-03-12 09:00:00+00:00,5.15,2.3144464,85.0,6.4799995,130.5458,466.58792,302.0,Sittard
2025-03-12 10:00:00+00:00,6.5,3.4016266,100.0,7.5599995,160.55731,448.17194,374.0,Sittard
2025-03-12 11:00:00+00:00,7.85,4.863372,99.0,5.7599998,197.14917,181.66023,297.0,Sittard
2025-03-12 12:00:00+00:00,8.0,4.711569,94.0,9.0,173.29144,584.7173,514.0,Sittard
2025-03-12 13:00:00+00:00,8.7,5.562335,3.0,7.92,172.09338,575.6425,502.0,Sittard
2025-03-12 14:00:00+00:00,8.7,5.1959667,58.0,9.36,183.99973,339.3496,361.0,Sittard
2025-03-12 15:00:00+00:00,8.3,4.839237,100.0,9.72,136.39948,633.85504,410.0,Sittard
2025-03-12 16:00:00+00:00,7.95,5.058502,100.0,6.4799995,82.73789,36.396103,94.0,Sittard
2025-03-12 17:00:00+00:00,7.5,3.5548038,1.0,12.24,26.766489,1.430022,27.0,Sittard
2025-03-12 18:00:00+00:00,6.45,3.0099082,100.0,10.08,12.209688,10.039799,13.0,Sittard
2025-03-12 19:00:00+00:00,5.2,2.42517,99.0,6.12,0.0,0.0,0.0,Sittard
2025-03-12 20:00:00+00:00,4.05,0.6637788,0.0,8.28,0.0,0.0,0.0,Sittard
2025-03-12 21:00:00+00:00,3.9,1.0805135,27.0,5.3999996,0.0,0.0,0.0,Sittard
2025-03-12 22:00:00+00:00,3.8,0.7336006,100.0,7.5599995,0.0,0.0,0.0,Sittard
2025-03-12 23:00:00+00:00,3.05,-0.37036657,93.0,9.36,0.0,0.0,0.0,Sittard
2025-03-13 00:00:00+00:00,2.75,-0.16567802,53.0,5.7599998,0.0,0.0,0.0,Sittard
2025-03-13 01:00:00+00:00,3.25,-0.0072660446,100.0,8.64,0.0,0.0,0.0,Sittard
2025-03-13 02:00:00+00:00,1.25,-1.8348639,40.0,6.8399997,0.0,0.0,0.0,Sittard
2025-03-13 03:00:00+00:00,1.5,-1.3017089,9.0,4.68,0.0,0.0,0.0,Sittard
2025-03-13 04:00:00+00:00,1.45,-1.5457501,88.0,6.12,0.0,0.0,0.0,Sittard
2025-03-13 05:00:00+00:00,2.0,-0.73089504,100.0,5.3999996,0.0,0.0,0.0,Sittard
2025-03-13 06:00:00+00:00,1.45,-1.249022,21.0,3.6,0.0,0.0,0.0,Sittard
2025-03-13 07:00:00+00:00,1.75,-1.0372891,100.0,4.68,37.154694,118.1136,51.0,Sittard
2025-03-13 08:00:00+00:00,3.05,0.7853985,86.0,2.16,81.00402,84.439125,101.0,Sittard
2025-03-13 09:00:00+00:00,4.4,2.0563073,36.0,2.8799999,128.84607,549.24475,334.0,Sittard
2025-03-13 10:00:00+00:00,5.35,2.4971375,2.0,5.7599998,173.79424,272.09753,305.0,Sittard
2025-03-13 11:00:00+00:00,7.35,3.9778337,74.0,7.92,157.83305,650.2152,519.0,Sittard
2025-03-13 12:00:00+00:00,6.45,3.2957945,100.0,7.2,193.57008,457.97333,463.0,Sittard
2025-03-13 13:00:00+00:00,8.5,5.086523,5.0,8.28,201.68343,365.26453,413.0,Sittard
2025-03-13 14:00:00+00:00,8.75,5.5421658,87.0,6.8399997,149.3577,676.9951,506.0,Sittard
2025-03-13 15:00:00+00:00,8.05,4.6426516,98.0,7.5599995,149.42531,450.17325,346.0,Sittard
2025-03-13 16:00:00+00:00,8.3,4.5873604,22.0,9.36,118.038864,429.4337,253.0,Sittard
2025-03-13 17:00:00+00:00,7.25,3.7260823,2.0,10.08,73.78896,304.82983,125.0,Sittard
2025-03-13 18:00:00+00:00,6.0,2.6901798,63.0,6.4799995,13.765657,15.228964,15.0,Sittard
2025-03-13 19:00:00+00:00,4.95,1.6904912,0.0,7.92,0.0,0.0,0.0,Sittard
2025-03-13 20:00:00+00:00,3.7,0.48200846,1.0,7.92,0.0,0.0,0.0,Sittard
2025-03-13 21:00:00+00:00,3.0,-0.4808216,17.0,9.36,0.0,0.0,0.0,Sittard
2025-03-13 22:00:00+00:00,2.25,-1.0892696,84.0,9.0,0.0,0.0,0.0,Sittard
2025-03-13 23:00:00+00:00,2.9,-0.15008736,51.0,7.2,0.0,0.0,0.0,Sittard
2025-03-14 00:00:00+00:00,3.25,0.2318244,100.0,7.92,0.0,0.0,0.0,Sittard
2025-03-14 01:00:00+00:00,3.1,0.10969782,13.0,7.92,0.0,0.0,0.0,Sittard
2025-03-14 02:00:00+00:00,2.3,-0.89653873,99.0,7.5599995,0.0,0.0,0.0,Sittard
2025-03-14 03:00:00+00:00,1.65,-1.5247369,100.0,7.5599995,0.0,0.0,0.0,Sittard
2025-03-14 04:00:00+00:00,2.3,-1.3714001,99.0,11.159999,0.0,0.0,0.0,Sittard
2025-03-14 05:00:00+00:00,1.4,-1.8894486,99.0,7.92,0.0,0.0,0.0,Sittard
2025-03-14 06:00:00+00:00,1.4,-1.563473,100.0,5.04,0.0,0.0,0.0,Sittard
2025-03-14 07:00:00+00:00,1.55,-1.8690743,100.0,8.64,38.11785,98.74413,50.0,Sittard
2025-03-14 08:00:00+00:00,1.7,-1.591474,100.0,7.92,89.26913,126.49017,120.0,Sittard
2025-03-14 09:00:00+00:00,4.0,0.84479,3.0,6.8399997,134.8743,153.12608,193.0,Sittard
2025-03-14 10:00:00+00:00,5.55,2.3294158,1.0,8.28,141.256,708.2615,487.0,Sittard
2025-03-14 11:00:00+00:00,5.95,2.9776926,100.0,6.12,152.07886,708.98145,550.0,Sittard
2025-03-14 12:00:00+00:00,7.3,3.4265594,0.0,9.36,195.54637,86.63371,247.0,Sittard
2025-03-14 13:00:00+00:00,7.55,4.566698,100.0,6.8399997,150.22295,761.68555,595.0,Sittard
2025-03-14 14:00:00+00:00,7.4,4.244793,70.0,6.4799995,187.38455,151.5323,268.0,Sittard
2025-03-14 15:00:00+00:00,8.15,4.087118,23.0,10.08,159.95209,280.86234,284.0,Sittard
2025-03-14 16:00:00+00:00,6.9,3.1344762,34.0,9.72,118.94157,448.3052,262.0,Sittard
2025-03-14 17:00:00+00:00,5.35,1.291781,11.0,12.959999,74.96608,289.72092,125.0,Sittard
2025-03-14 18:00:00+00:00,4.9,1.310298,24.0,9.72,13.974512,12.2993765,15.0,Sittard
2025-03-14 19:00:00+00:00,4.0,0.64288664,100.0,9.0,0.0,0.0,0.0,Sittard
2025-03-14 20:00:00+00:00,3.3,-0.4270954,3.0,10.440001,0.0,0.0,0.0,Sittard
2025-03-14 21:00:00+00:00,2.75,-0.9517169,0.0,10.440001,0.0,0.0,0.0,Sittard
2025-03-14 22:00:00+00:00,2.3,-1.181747,1.0,9.0,0.0,0.0,0.0,Sittard
2025-03-14 23:00:00+00:00,1.75,-2.3042207,2.0,11.879999,0.0,0.0,0.0,Sittard
2025-03-15 00:00:00+00:00,1.3,-2.7454562,0.0,11.879999,0.0,0.0,0.0,Sittard
2025-03-15 01:00:00+00:00,1.5,-2.2806826,93.0,11.879999,0.0,0.0,0.0,Sittard
2025-03-15 02:00:00+00:00,0.6,-3.1370053,8.0,9.72,0.0,0.0,0.0,Sittard
2025-03-15 03:00:00+00:00,0.05,-3.7936022,83.0,10.08,0.0,0.0,0.0,Sittard
2025-03-15 04:00:00+00:00,0.7,-3.5189025,100.0,14.04,0.0,0.0,0.0,Sittard
2025-03-15 05:00:00+00:00,0.4,-3.2335136,30.0,9.72,0.0,0.0,0.0,Sittard
2025-03-15 06:00:00+00:00,0.2,-3.8275015,100.0,12.959999,0.0,0.0,0.0,Sittard
2025-03-15 07:00:00+00:00,2.25,-1.4542296,100.0,11.159999,12.35521,0.0,12.0,Sittard
2025-03-15 08:00:00+00:00,0.8,-2.856329,100.0,10.440001,56.689465,17.303583,61.0,Sittard
2025-03-15 09:00:00+00:00,2.95,-0.85333395,100.0,12.959999,141.74458,236.60977,233.0,Sittard
2025-03-15 10:00:00+00:00,3.7,-0.03725624,100.0,12.24,100.36536,15.451057,108.0,Sittard
2025-03-15 11:00:00+00:00,5.7,2.1783075,100.0,11.159999,176.91934,68.91909,216.0,Sittard
2025-03-15 12:00:00+00:00,6.3,2.6016965,100.0,12.599999,185.05841,538.66583,508.0,Sittard
2025-03-15 13:00:00+00:00,5.85,1.3029051,100.0,18.359999,211.86569,295.47913,386.0,Sittard
2025-03-15 14:00:00+00:00,7.0,2.493259,9.0,17.28,181.79572,419.23206,407.0,Sittard
2025-03-15 15:00:00+00:00,7.05,2.3412132,0.0,18.0,139.13637,628.8179,420.0,Sittard
2025-03-15 16:00:00+00:00,7.25,2.6590023,1.0,17.64,118.98661,537.19995,293.0,Sittard
2025-03-15 17:00:00+00:00,6.4,1.8829823,12.0,17.64,76.808975,299.86234,130.0,Sittard
2025-03-15 18:00:00+00:00,4.7,0.78716326,0.0,12.959999,16.13324,21.78175,18.0,Sittard
2025-03-15 19:00:00+00:00,4.2,0.22509527,13.0,14.04,0.0,0.0,0.0,Sittard
2025-03-15 20:00:00+00:00,3.5,-0.3177452,0.0,13.32,0.0,0.0,0.0,Sittard
2025-03-15 21:00:00+00:00,2.55,-1.2648032,0.0,12.24,0.0,0.0,0.0,Sittard
2025-03-15 22:00:00+00:00,3.0,-1.162735,0.0,15.119999,0.0,0.0,0.0,Sittard
2025-03-15 23:00:00+00:00,2.5,-0.9806142,100.0,9.72,0.0,0.0,0.0,Sittard
