ds,y,yhat
2025-05-02 00:00:00,0.07154,0.0645946064632217
2025-05-02 00:00:00,0.07154,0.0645946064632217
2025-05-02 00:00:00,0.07154,0.0645946064632217
2025-05-02 00:00:00,0.07154,0.0645946064632217
2025-05-02 01:00:00,0.06868,0.059177239361839364
2025-05-02 01:00:00,0.06868,0.059177239361839364
2025-05-02 01:00:00,0.06868,0.059177239361839364
2025-05-02 01:00:00,0.06868,0.059177239361839364
2025-05-02 02:00:00,0.07,0.06197333982024944
2025-05-02 02:00:00,0.07,0.06197333982024944
2025-05-02 02:00:00,0.07,0.06197333982024944
2025-05-02 02:00:00,0.07,0.06197333982024944
2025-05-02 03:00:00,0.0884,0.07446279816340161
2025-05-02 03:00:00,0.0884,0.07446279816340161
2025-05-02 03:00:00,0.0884,0.07446279816340161
2025-05-02 03:00:00,0.0884,0.07446279816340161
2025-05-02 04:00:00,0.1029,0.09031697897709207
2025-05-02 04:00:00,0.1029,0.09031697897709207
2025-05-02 04:00:00,0.1029,0.09031697897709207
2025-05-02 04:00:00,0.1029,0.09031697897709207
2025-05-02 05:00:00,0.09375,0.09954820155339772
2025-05-02 05:00:00,0.09375,0.09954820155339772
2025-05-02 05:00:00,0.09375,0.09954820155339772
2025-05-02 05:00:00,0.09375,0.09954820155339772
2025-05-02 06:00:00,0.07639,0.09565605201640652
2025-05-02 06:00:00,0.07639,0.09565605201640652
2025-05-02 06:00:00,0.07639,0.09565605201640652
2025-05-02 06:00:00,0.07639,0.09565605201640652
2025-05-02 07:00:00,0.00085,0.0797540994345975
2025-05-02 07:00:00,0.00085,0.0797540994345975
2025-05-02 07:00:00,0.00085,0.0797540994345975
2025-05-02 07:00:00,0.00085,0.0797540994345975
2025-05-02 08:00:00,-1e-05,0.058844457049492455
2025-05-02 08:00:00,-1e-05,0.058844457049492455
2025-05-02 08:00:00,-1e-05,0.058844457049492455
2025-05-02 08:00:00,-1e-05,0.058844457049492455
2025-05-02 09:00:00,-0.0008,0.04070901108855067
2025-05-02 09:00:00,-0.0008,0.04070901108855067
2025-05-02 09:00:00,-0.0008,0.04070901108855067
2025-05-02 09:00:00,-0.0008,0.04070901108855067
2025-05-02 10:00:00,-0.003,0.030191481773380734
2025-05-02 10:00:00,-0.003,0.030191481773380734
2025-05-02 10:00:00,-0.003,0.030191481773380734
2025-05-02 10:00:00,-0.003,0.030191481773380734
2025-05-02 11:00:00,-0.004,0.029168904371813742
2025-05-02 11:00:00,-0.004,0.029168904371813742
2025-05-02 11:00:00,-0.004,0.029168904371813742
2025-05-02 11:00:00,-0.004,0.029168904371813742
2025-05-02 12:00:00,-8e-05,0.038308608036935275
2025-05-02 12:00:00,-8e-05,0.038308608036935275
2025-05-02 12:00:00,-8e-05,0.038308608036935275
2025-05-02 12:00:00,-8e-05,0.038308608036935275
2025-05-02 13:00:00,0.0003,0.05729311723511388
2025-05-02 13:00:00,0.0003,0.05729311723511388
2025-05-02 13:00:00,0.0003,0.05729311723511388
2025-05-02 13:00:00,0.0003,0.05729311723511388
2025-05-02 14:00:00,0.0614399999999999,0.08284594940677968
2025-05-02 14:00:00,0.0614399999999999,0.08284594940677968
2025-05-02 14:00:00,0.0614399999999999,0.08284594940677968
2025-05-02 14:00:00,0.0614399999999999,0.08284594940677968
2025-05-02 15:00:00,0.09518,0.1074257234839815
2025-05-02 15:00:00,0.09518,0.1074257234839815
2025-05-02 15:00:00,0.09518,0.1074257234839815
2025-05-02 15:00:00,0.09518,0.1074257234839815
2025-05-02 16:00:00,0.10798,0.12169574572855078
2025-05-02 16:00:00,0.10798,0.12169574572855078
2025-05-02 16:00:00,0.10798,0.12169574572855078
2025-05-02 16:00:00,0.10798,0.12169574572855078
2025-05-02 17:00:00,0.14035,0.12016362163035763
2025-05-02 17:00:00,0.14035,0.12016362163035763
2025-05-02 17:00:00,0.14035,0.12016362163035763
2025-05-02 17:00:00,0.14035,0.12016362163035763
2025-05-02 18:00:00,0.11773,0.10545577585019178
2025-05-02 18:00:00,0.11773,0.10545577585019178
2025-05-02 18:00:00,0.11773,0.10545577585019178
2025-05-02 18:00:00,0.11773,0.10545577585019178
2025-05-02 19:00:00,0.10326,0.08690882915554163
2025-05-02 19:00:00,0.10326,0.08690882915554163
2025-05-02 19:00:00,0.10326,0.08690882915554163
2025-05-02 19:00:00,0.10326,0.08690882915554163
2025-05-02 20:00:00,0.0928,0.07390056364479307
2025-05-02 20:00:00,0.0928,0.07390056364479307
2025-05-02 20:00:00,0.0928,0.07390056364479307
2025-05-02 20:00:00,0.0928,0.07390056364479307
2025-05-02 21:00:00,0.0937399999999999,0.0692937297243062
2025-05-02 21:00:00,0.0937399999999999,0.0692937297243062
2025-05-02 21:00:00,0.0937399999999999,0.0692937297243062
2025-05-02 21:00:00,0.0937399999999999,0.0692937297243062
2025-05-02 22:00:00,0.089,0.06861847458063795
2025-05-02 22:00:00,0.089,0.06861847458063795
2025-05-02 22:00:00,0.089,0.06861847458063795
2025-05-02 22:00:00,0.089,0.06861847458063795
2025-05-02 23:00:00,0.08872,0.06559166139444296
2025-05-02 23:00:00,0.08872,0.06559166139444296
2025-05-02 23:00:00,0.08872,0.06559166139444296
2025-05-02 23:00:00,0.08872,0.06559166139444296
2025-05-03 00:00:00,0.09245,0.05881301938201249
2025-05-03 00:00:00,0.09245,0.05881301938201249
2025-05-03 00:00:00,0.09245,0.05881301938201249
2025-05-03 00:00:00,0.09245,0.05881301938201249
2025-05-03 01:00:00,0.09544,0.05341642308809244
2025-05-03 01:00:00,0.09544,0.05341642308809244
2025-05-03 01:00:00,0.09544,0.05341642308809244
2025-05-03 01:00:00,0.09544,0.05341642308809244
2025-05-03 02:00:00,0.0972,0.05615909548001429
2025-05-03 02:00:00,0.0972,0.05615909548001429
2025-05-03 02:00:00,0.0972,0.05615909548001429
2025-05-03 02:00:00,0.0972,0.05615909548001429
2025-05-03 03:00:00,0.10164,0.06851893747049109
2025-05-03 03:00:00,0.10164,0.06851893747049109
2025-05-03 03:00:00,0.10164,0.06851893747049109
2025-05-03 03:00:00,0.10164,0.06851893747049109
2025-05-03 04:00:00,0.09736,0.08416662270006425
2025-05-03 04:00:00,0.09736,0.08416662270006425
2025-05-03 04:00:00,0.09736,0.08416662270006425
2025-05-03 04:00:00,0.09736,0.08416662270006425
2025-05-03 05:00:00,0.08586,0.09311510510889676
2025-05-03 05:00:00,0.08586,0.09311510510889676
2025-05-03 05:00:00,0.08586,0.09311510510889676
2025-05-03 05:00:00,0.08586,0.09311510510889676
2025-05-03 06:00:00,0.0135299999999999,0.0888659401766653
2025-05-03 06:00:00,0.0135299999999999,0.0888659401766653
2025-05-03 06:00:00,0.0135299999999999,0.0888659401766653
2025-05-03 06:00:00,0.0135299999999999,0.0888659401766653
2025-05-03 07:00:00,1e-05,0.0725359919494869
2025-05-03 07:00:00,1e-05,0.0725359919494869
2025-05-03 07:00:00,1e-05,0.0725359919494869
2025-05-03 07:00:00,1e-05,0.0725359919494869
2025-05-03 08:00:00,-1e-05,0.051131966969432924
2025-05-03 08:00:00,-1e-05,0.051131966969432924
2025-05-03 08:00:00,-1e-05,0.051131966969432924
2025-05-03 08:00:00,-1e-05,0.051131966969432924
2025-05-03 09:00:00,-0.00116,0.03244159784409873
2025-05-03 09:00:00,-0.00116,0.03244159784409873
2025-05-03 09:00:00,-0.00116,0.03244159784409873
2025-05-03 09:00:00,-0.00116,0.03244159784409873
2025-05-03 10:00:00,-0.00304,0.021315641560010853
2025-05-03 10:00:00,-0.00304,0.021315641560010853
2025-05-03 10:00:00,-0.00304,0.021315641560010853
2025-05-03 10:00:00,-0.00304,0.021315641560010853
2025-05-03 11:00:00,-0.00269,0.019639281083949744
2025-05-03 11:00:00,-0.00269,0.019639281083949744
2025-05-03 11:00:00,-0.00269,0.019639281083949744
2025-05-03 11:00:00,-0.00269,0.019639281083949744
2025-05-03 12:00:00,-3e-05,0.028089008956385192
2025-05-03 12:00:00,-3e-05,0.028089008956385192
2025-05-03 12:00:00,-3e-05,0.028089008956385192
2025-05-03 12:00:00,-3e-05,0.028089008956385192
2025-05-03 13:00:00,0.0,0.04635741879918136
2025-05-03 13:00:00,0.0,0.04635741879918136
2025-05-03 13:00:00,0.0,0.04635741879918136
2025-05-03 13:00:00,0.0,0.04635741879918136
2025-05-03 14:00:00,0.02691,0.07117887973551897
2025-05-03 14:00:00,0.02691,0.07117887973551897
2025-05-03 14:00:00,0.02691,0.07117887973551897
2025-05-03 14:00:00,0.02691,0.07117887973551897
2025-05-03 15:00:00,0.0601,0.09502350985245504
2025-05-03 15:00:00,0.0601,0.09502350985245504
2025-05-03 15:00:00,0.0601,0.09502350985245504
2025-05-03 15:00:00,0.0601,0.09502350985245504
2025-05-03 16:00:00,0.07422,0.10856661684811314
2025-05-03 16:00:00,0.07422,0.10856661684811314
2025-05-03 16:00:00,0.07422,0.10856661684811314
2025-05-03 16:00:00,0.07422,0.10856661684811314
2025-05-03 17:00:00,0.08628,0.10632815641309135
2025-05-03 17:00:00,0.08628,0.10632815641309135
2025-05-03 17:00:00,0.08628,0.10632815641309135
2025-05-03 17:00:00,0.08628,0.10632815641309135
2025-05-03 18:00:00,0.08537,0.09094709225759906
2025-05-03 18:00:00,0.08537,0.09094709225759906
2025-05-03 18:00:00,0.08537,0.09094709225759906
2025-05-03 18:00:00,0.08537,0.09094709225759906
2025-05-03 19:00:00,0.09295,0.07177260875234849
2025-05-03 19:00:00,0.09295,0.07177260875234849
2025-05-03 19:00:00,0.09295,0.07177260875234849
2025-05-03 19:00:00,0.09295,0.07177260875234849
2025-05-03 20:00:00,0.086,0.05819490956045495
2025-05-03 20:00:00,0.086,0.05819490956045495
2025-05-03 20:00:00,0.086,0.05819490956045495
2025-05-03 20:00:00,0.086,0.05819490956045495
2025-05-03 21:00:00,0.05995,0.05308885785193464
2025-05-03 21:00:00,0.05995,0.05308885785193464
2025-05-03 21:00:00,0.05995,0.05308885785193464
2025-05-03 21:00:00,0.05995,0.05308885785193464
2025-05-03 22:00:00,0.0448999999999999,0.05199623996794036
2025-05-03 22:00:00,0.0448999999999999,0.05199623996794036
2025-05-03 22:00:00,0.0448999999999999,0.05199623996794036
2025-05-03 22:00:00,0.0448999999999999,0.05199623996794036
2025-05-03 23:00:00,0.0334,0.04864492392271195
2025-05-03 23:00:00,0.0334,0.04864492392271195
2025-05-03 23:00:00,0.0334,0.04864492392271195
2025-05-03 23:00:00,0.0334,0.04864492392271195
2025-05-04 00:00:00,0.02161,0.04164485487958244
2025-05-04 00:00:00,0.02161,0.04164485487958244
2025-05-04 00:00:00,0.02161,0.04164485487958244
2025-05-04 00:00:00,0.02161,0.04164485487958244
2025-05-04 01:00:00,0.02002,0.036139188068710665
2025-05-04 01:00:00,0.02002,0.036139188068710665
2025-05-04 01:00:00,0.02002,0.036139188068710665
2025-05-04 01:00:00,0.02002,0.036139188068710665
2025-05-04 02:00:00,0.01558,0.03889335558559741
2025-05-04 02:00:00,0.01558,0.03889335558559741
2025-05-04 02:00:00,0.01558,0.03889335558559741
2025-05-04 02:00:00,0.01558,0.03889335558559741
2025-05-04 03:00:00,0.0136199999999999,0.05139227151868882
2025-05-04 03:00:00,0.0136199999999999,0.05139227151868882
2025-05-04 03:00:00,0.0136199999999999,0.05139227151868882
2025-05-04 03:00:00,0.0136199999999999,0.05139227151868882
2025-05-04 04:00:00,0.00783,0.06731231588619428
2025-05-04 04:00:00,0.00783,0.06731231588619428
2025-05-04 04:00:00,0.00783,0.06731231588619428
2025-05-04 04:00:00,0.00783,0.06731231588619428
2025-05-04 05:00:00,0.00293,0.07667074640299197
2025-05-04 05:00:00,0.00293,0.07667074640299197
2025-05-04 05:00:00,0.00293,0.07667074640299197
2025-05-04 05:00:00,0.00293,0.07667074640299197
2025-05-04 06:00:00,0.0,0.07297194029356896
2025-05-04 06:00:00,0.0,0.07297194029356896
2025-05-04 06:00:00,0.0,0.07297194029356896
2025-05-04 06:00:00,0.0,0.07297194029356896
2025-05-04 07:00:00,-1e-05,0.05733403935004131
2025-05-04 07:00:00,-1e-05,0.05733403935004131
2025-05-04 07:00:00,-1e-05,0.05733403935004131
2025-05-04 07:00:00,-1e-05,0.05733403935004131
2025-05-04 08:00:00,-1e-05,0.03676344028549332
2025-05-04 08:00:00,-1e-05,0.03676344028549332
2025-05-04 08:00:00,-1e-05,0.03676344028549332
2025-05-04 08:00:00,-1e-05,0.03676344028549332
2025-05-04 09:00:00,-2e-05,0.019045953784990403
2025-05-04 09:00:00,-2e-05,0.019045953784990403
2025-05-04 09:00:00,-2e-05,0.019045953784990403
2025-05-04 09:00:00,-2e-05,0.019045953784990403
2025-05-04 10:00:00,-0.002,0.009028797778485281
2025-05-04 10:00:00,-0.002,0.009028797778485281
2025-05-04 10:00:00,-0.002,0.009028797778485281
2025-05-04 10:00:00,-0.002,0.009028797778485281
2025-05-04 11:00:00,-0.00501,0.008592013725394476
2025-05-04 11:00:00,-0.00501,0.008592013725394476
2025-05-04 11:00:00,-0.00501,0.008592013725394476
2025-05-04 11:00:00,-0.00501,0.008592013725394476
2025-05-04 12:00:00,-0.00159,0.018405384526064564
2025-05-04 12:00:00,-0.00159,0.018405384526064564
2025-05-04 12:00:00,-0.00159,0.018405384526064564
2025-05-04 12:00:00,-0.00159,0.018405384526064564
2025-05-04 13:00:00,-1e-05,0.03815327971619307
2025-05-04 13:00:00,-1e-05,0.03815327971619307
2025-05-04 13:00:00,-1e-05,0.03815327971619307
2025-05-04 13:00:00,-1e-05,0.03815327971619307
2025-05-04 14:00:00,0.00894,0.06456040242043838
2025-05-04 14:00:00,0.00894,0.06456040242043838
2025-05-04 14:00:00,0.00894,0.06456040242043838
2025-05-04 14:00:00,0.00894,0.06456040242043838
2025-05-04 15:00:00,0.07324,0.09008585339361369
2025-05-04 15:00:00,0.07324,0.09008585339361369
2025-05-04 15:00:00,0.07324,0.09008585339361369
2025-05-04 15:00:00,0.07324,0.09008585339361369
2025-05-04 16:00:00,0.09,0.10539267935108161
2025-05-04 16:00:00,0.09,0.10539267935108161
2025-05-04 16:00:00,0.09,0.10539267935108161
2025-05-04 16:00:00,0.09,0.10539267935108161
2025-05-04 17:00:00,0.10497,0.10498745488330775
2025-05-04 17:00:00,0.10497,0.10498745488330775
2025-05-04 17:00:00,0.10497,0.10498745488330775
2025-05-04 17:00:00,0.10497,0.10498745488330775
2025-05-04 18:00:00,0.1182,0.0914947804807631
2025-05-04 18:00:00,0.1182,0.0914947804807631
2025-05-04 18:00:00,0.1182,0.0914947804807631
2025-05-04 18:00:00,0.1182,0.0914947804807631
2025-05-04 19:00:00,0.10479,0.07424864604054916
2025-05-04 19:00:00,0.10479,0.07424864604054916
2025-05-04 19:00:00,0.10479,0.07424864604054916
2025-05-04 19:00:00,0.10479,0.07424864604054916
2025-05-04 20:00:00,0.08436,0.06262339147642115
2025-05-04 20:00:00,0.08436,0.06262339147642115
2025-05-04 20:00:00,0.08436,0.06262339147642115
2025-05-04 20:00:00,0.08436,0.06262339147642115
2025-05-04 21:00:00,0.08355,0.05947751811695288
2025-05-04 21:00:00,0.08355,0.05947751811695288
2025-05-04 21:00:00,0.08355,0.05947751811695288
2025-05-04 21:00:00,0.08355,0.05947751811695288
2025-05-04 22:00:00,0.07071,0.06033613074495095
2025-05-04 22:00:00,0.07071,0.06033613074495095
2025-05-04 22:00:00,0.07071,0.06033613074495095
2025-05-04 22:00:00,0.07071,0.06033613074495095
2025-05-04 23:00:00,0.0815999999999999,0.05891027954875275
2025-05-04 23:00:00,0.0815999999999999,0.05891027954875275
2025-05-04 23:00:00,0.0815999999999999,0.05891027954875275
2025-05-04 23:00:00,0.0815999999999999,0.05891027954875275
2025-05-05 00:00:00,0.08561,0.05379314193518986
2025-05-05 00:00:00,0.08561,0.05379314193518986
2025-05-05 00:00:00,0.08561,0.05379314193518986
2025-05-05 00:00:00,0.08561,0.05379314193518986
2025-05-05 01:00:00,0.082,0.05011134244485091
2025-05-05 01:00:00,0.082,0.05011134244485091
2025-05-05 01:00:00,0.082,0.05011134244485091
2025-05-05 01:00:00,0.082,0.05011134244485091
2025-05-05 02:00:00,0.0897999999999999,0.05461420496242182
2025-05-05 02:00:00,0.0897999999999999,0.05461420496242182
2025-05-05 02:00:00,0.0897999999999999,0.05461420496242182
2025-05-05 02:00:00,0.0897999999999999,0.05461420496242182
2025-05-05 03:00:00,0.11714,0.06877113945335077
2025-05-05 03:00:00,0.11714,0.06877113945335077
2025-05-05 03:00:00,0.11714,0.06877113945335077
2025-05-05 03:00:00,0.11714,0.06877113945335077
2025-05-05 04:00:00,0.11695,0.08624380149190204
2025-05-05 04:00:00,0.11695,0.08624380149190204
2025-05-05 04:00:00,0.11695,0.08624380149190204
2025-05-05 04:00:00,0.11695,0.08624380149190204
2025-05-05 05:00:00,0.0995,0.09703567150337254
2025-05-05 05:00:00,0.0995,0.09703567150337254
2025-05-05 05:00:00,0.0995,0.09703567150337254
2025-05-05 05:00:00,0.0995,0.09703567150337254
2025-05-05 06:00:00,0.08093,0.09463845389063892
2025-05-05 06:00:00,0.08093,0.09463845389063892
2025-05-05 06:00:00,0.08093,0.09463845389063892
2025-05-05 06:00:00,0.08093,0.09463845389063892
2025-05-05 07:00:00,0.07013,0.08015886733801508
2025-05-05 07:00:00,0.07013,0.08015886733801508
2025-05-05 07:00:00,0.07013,0.08015886733801508
2025-05-05 07:00:00,0.07013,0.08015886733801508
2025-05-05 08:00:00,0.0538699999999999,0.06059326656834598
2025-05-05 08:00:00,0.0538699999999999,0.06059326656834598
2025-05-05 08:00:00,0.0538699999999999,0.06059326656834598
2025-05-05 08:00:00,0.0538699999999999,0.06059326656834598
2025-05-05 09:00:00,0.0049,0.04371891735383463
2025-05-05 09:00:00,0.0049,0.04371891735383463
2025-05-05 09:00:00,0.0049,0.04371891735383463
2025-05-05 09:00:00,0.0049,0.04371891735383463
2025-05-05 10:00:00,-0.002,0.03437608889457607
2025-05-05 10:00:00,-0.002,0.03437608889457607
2025-05-05 10:00:00,-0.002,0.03437608889457607
2025-05-05 10:00:00,-0.002,0.03437608889457607
2025-05-05 11:00:00,-0.002,0.034439551101308384
2025-05-05 11:00:00,-0.002,0.034439551101308384
2025-05-05 11:00:00,-0.002,0.034439551101308384
2025-05-05 11:00:00,-0.002,0.034439551101308384
2025-05-05 12:00:00,-0.0016,0.04457555443538242
2025-05-05 12:00:00,-0.0016,0.04457555443538242
2025-05-05 12:00:00,-0.0016,0.04457555443538242
2025-05-05 12:00:00,-0.0016,0.04457555443538242
2025-05-05 13:00:00,0.001,0.06446671716308341
2025-05-05 13:00:00,0.001,0.06446671716308341
2025-05-05 13:00:00,0.001,0.06446671716308341
2025-05-05 13:00:00,0.001,0.06446671716308341
2025-05-05 14:00:00,0.07656,0.09083779396876918
2025-05-05 14:00:00,0.07656,0.09083779396876918
2025-05-05 14:00:00,0.07656,0.09083779396876918
2025-05-05 14:00:00,0.07656,0.09083779396876918
2025-05-05 15:00:00,0.08653,0.1161497409852336
2025-05-05 15:00:00,0.08653,0.1161497409852336
2025-05-05 15:00:00,0.08653,0.1161497409852336
2025-05-05 15:00:00,0.08653,0.1161497409852336
2025-05-05 16:00:00,0.11155,0.13106924437493253
2025-05-05 16:00:00,0.11155,0.13106924437493253
2025-05-05 16:00:00,0.11155,0.13106924437493253
2025-05-05 16:00:00,0.11155,0.13106924437493253
2025-05-05 17:00:00,0.1,0.13010826199651
2025-05-05 17:00:00,0.1,0.13010826199651
2025-05-05 17:00:00,0.1,0.13010826199651
2025-05-05 17:00:00,0.1,0.13010826199651
2025-05-05 18:00:00,0.119,0.11589846113154478
2025-05-05 18:00:00,0.119,0.11589846113154478
2025-05-05 18:00:00,0.119,0.11589846113154478
2025-05-05 18:00:00,0.119,0.11589846113154478
2025-05-05 19:00:00,0.10313,0.09778250234107311
2025-05-05 19:00:00,0.10313,0.09778250234107311
2025-05-05 19:00:00,0.10313,0.09778250234107311
2025-05-05 19:00:00,0.10313,0.09778250234107311
2025-05-05 20:00:00,0.08943,0.08514490202012533
2025-05-05 20:00:00,0.08943,0.08514490202012533
2025-05-05 20:00:00,0.08943,0.08514490202012533
2025-05-05 20:00:00,0.08943,0.08514490202012533
2025-05-05 21:00:00,0.0824599999999999,0.08085572848690904
2025-05-05 21:00:00,0.0824599999999999,0.08085572848690904
2025-05-05 21:00:00,0.0824599999999999,0.08085572848690904
2025-05-05 21:00:00,0.0824599999999999,0.08085572848690904
2025-05-05 22:00:00,0.08141,0.08045291282687586
2025-05-05 22:00:00,0.08141,0.08045291282687586
2025-05-05 22:00:00,0.08141,0.08045291282687586
2025-05-05 22:00:00,0.08141,0.08045291282687586
2025-05-05 23:00:00,0.086,0.07766144532918474
2025-05-05 23:00:00,0.086,0.07766144532918474
2025-05-05 23:00:00,0.086,0.07766144532918474
2025-05-05 23:00:00,0.086,0.07766144532918474
2025-05-06 00:00:00,0.08486,0.07108939918855964
2025-05-06 00:00:00,0.08486,0.07108939918855964
2025-05-06 00:00:00,0.08486,0.07108939918855964
2025-05-06 00:00:00,0.08486,0.07108939918855964
2025-05-06 01:00:00,0.08219,0.06587908159939482
2025-05-06 01:00:00,0.08219,0.06587908159939482
2025-05-06 01:00:00,0.08219,0.06587908159939482
2025-05-06 01:00:00,0.08219,0.06587908159939482
2025-05-06 02:00:00,0.0916599999999999,0.06879610845022777
2025-05-06 02:00:00,0.0916599999999999,0.06879610845022777
2025-05-06 02:00:00,0.0916599999999999,0.06879610845022777
2025-05-06 02:00:00,0.0916599999999999,0.06879610845022777
2025-05-06 03:00:00,0.1102,0.08132660695689295
2025-05-06 03:00:00,0.1102,0.08132660695689295
2025-05-06 03:00:00,0.1102,0.08132660695689295
2025-05-06 03:00:00,0.1102,0.08132660695689295
2025-05-06 04:00:00,0.12538,0.09714918669913111
2025-05-06 04:00:00,0.12538,0.09714918669913111
2025-05-06 04:00:00,0.12538,0.09714918669913111
2025-05-06 04:00:00,0.12538,0.09714918669913111
2025-05-06 05:00:00,0.10675,0.1062843282246428
2025-05-06 05:00:00,0.10675,0.1062843282246428
2025-05-06 05:00:00,0.10675,0.1062843282246428
2025-05-06 05:00:00,0.10675,0.1062843282246428
2025-05-06 06:00:00,0.092,0.10224059165966193
2025-05-06 06:00:00,0.092,0.10224059165966193
2025-05-06 06:00:00,0.092,0.10224059165966193
2025-05-06 06:00:00,0.092,0.10224059165966193
2025-05-06 07:00:00,0.066,0.08614121887257821
2025-05-06 07:00:00,0.066,0.08614121887257821
2025-05-06 07:00:00,0.066,0.08614121887257821
2025-05-06 07:00:00,0.066,0.08614121887257821
2025-05-06 08:00:00,0.05213,0.0649985717143891
2025-05-06 08:00:00,0.05213,0.0649985717143891
2025-05-06 08:00:00,0.05213,0.0649985717143891
2025-05-06 08:00:00,0.05213,0.0649985717143891
2025-05-06 09:00:00,0.03734,0.04660523028871858
2025-05-06 09:00:00,0.03734,0.04660523028871858
2025-05-06 09:00:00,0.03734,0.04660523028871858
2025-05-06 09:00:00,0.03734,0.04660523028871858
2025-05-06 10:00:00,0.0321599999999999,0.03581591746285553
2025-05-06 10:00:00,0.0321599999999999,0.03581591746285553
2025-05-06 10:00:00,0.0321599999999999,0.03581591746285553
2025-05-06 10:00:00,0.0321599999999999,0.03581591746285553
2025-05-06 11:00:00,0.03877,0.03451883912470769
2025-05-06 11:00:00,0.03877,0.03451883912470769
2025-05-06 11:00:00,0.03877,0.03451883912470769
2025-05-06 11:00:00,0.03877,0.03451883912470769
2025-05-06 12:00:00,0.05624,0.04339251967698191
2025-05-06 12:00:00,0.05624,0.04339251967698191
2025-05-06 12:00:00,0.05624,0.04339251967698191
2025-05-06 12:00:00,0.05624,0.04339251967698191
2025-05-06 13:00:00,0.06382,0.06213055931144665
2025-05-06 13:00:00,0.06382,0.06213055931144665
2025-05-06 13:00:00,0.06382,0.06213055931144665
2025-05-06 13:00:00,0.06382,0.06213055931144665
2025-05-06 14:00:00,0.07858,0.08746728849606443
2025-05-06 14:00:00,0.07858,0.08746728849606443
2025-05-06 14:00:00,0.07858,0.08746728849606443
2025-05-06 14:00:00,0.07858,0.08746728849606443
2025-05-06 15:00:00,0.09334,0.11187173605900416
2025-05-06 15:00:00,0.09334,0.11187173605900416
2025-05-06 15:00:00,0.09334,0.11187173605900416
2025-05-06 15:00:00,0.09334,0.11187173605900416
2025-05-06 16:00:00,0.12355,0.12601707907935186
2025-05-06 16:00:00,0.12355,0.12601707907935186
2025-05-06 16:00:00,0.12355,0.12601707907935186
2025-05-06 16:00:00,0.12355,0.12601707907935186
2025-05-06 17:00:00,0.16769,0.12442012499697004
2025-05-06 17:00:00,0.16769,0.12442012499697004
2025-05-06 17:00:00,0.16769,0.12442012499697004
2025-05-06 17:00:00,0.16769,0.12442012499697004
2025-05-06 18:00:00,0.1401,0.10971570954261156
2025-05-06 18:00:00,0.1401,0.10971570954261156
2025-05-06 18:00:00,0.1401,0.10971570954261156
2025-05-06 18:00:00,0.1401,0.10971570954261156
2025-05-06 19:00:00,0.1227999999999999,0.0912479609631762
2025-05-06 19:00:00,0.1227999999999999,0.0912479609631762
2025-05-06 19:00:00,0.1227999999999999,0.0912479609631762
2025-05-06 19:00:00,0.1227999999999999,0.0912479609631762
2025-05-06 20:00:00,0.10204,0.07840116323008942
2025-05-06 20:00:00,0.10204,0.07840116323008942
2025-05-06 20:00:00,0.10204,0.07840116323008942
2025-05-06 20:00:00,0.10204,0.07840116323008942
2025-05-06 21:00:00,0.0882,0.07404347298310607
2025-05-06 21:00:00,0.0882,0.07404347298310607
2025-05-06 21:00:00,0.0882,0.07404347298310607
2025-05-06 21:00:00,0.0882,0.07404347298310607
2025-05-06 22:00:00,0.08264,0.07370927107436803
2025-05-06 22:00:00,0.08264,0.07370927107436803
2025-05-06 22:00:00,0.08264,0.07370927107436803
2025-05-06 22:00:00,0.08264,0.07370927107436803
2025-05-06 23:00:00,0.08178,0.07111841894687998
2025-05-06 23:00:00,0.08178,0.07111841894687998
2025-05-06 23:00:00,0.08178,0.07111841894687998
2025-05-06 23:00:00,0.08178,0.07111841894687998
2025-05-07 00:00:00,0.08533,0.06487236070651832
2025-05-07 00:00:00,0.08533,0.06487236070651832
2025-05-07 00:00:00,0.08533,0.06487236070651832
2025-05-07 00:00:00,0.08533,0.06487236070651832
2025-05-07 01:00:00,0.09727,0.0601053699590909
2025-05-07 01:00:00,0.09727,0.0601053699590909
2025-05-07 01:00:00,0.09727,0.0601053699590909
2025-05-07 01:00:00,0.09727,0.0601053699590909
2025-05-07 02:00:00,0.1125,0.06357373636589228
2025-05-07 02:00:00,0.1125,0.06357373636589228
2025-05-07 02:00:00,0.1125,0.06357373636589228
2025-05-07 02:00:00,0.1125,0.06357373636589228
2025-05-07 03:00:00,0.13752,0.07675309479718101
2025-05-07 03:00:00,0.13752,0.07675309479718101
2025-05-07 03:00:00,0.13752,0.07675309479718101
2025-05-07 03:00:00,0.13752,0.07675309479718101
2025-05-07 04:00:00,0.14395,0.09331053593231291
2025-05-07 04:00:00,0.14395,0.09331053593231291
2025-05-07 04:00:00,0.14395,0.09331053593231291
2025-05-07 04:00:00,0.14395,0.09331053593231291
2025-05-07 05:00:00,0.13016,0.10325414568079151
2025-05-07 05:00:00,0.13016,0.10325414568079151
2025-05-07 05:00:00,0.13016,0.10325414568079151
2025-05-07 05:00:00,0.13016,0.10325414568079151
2025-05-07 06:00:00,0.09686,0.1000793739554256
2025-05-07 06:00:00,0.09686,0.1000793739554256
2025-05-07 06:00:00,0.09686,0.1000793739554256
2025-05-07 06:00:00,0.09686,0.1000793739554256
2025-05-07 07:00:00,0.07861,0.08489580432852172
2025-05-07 07:00:00,0.07861,0.08489580432852172
2025-05-07 07:00:00,0.07861,0.08489580432852172
2025-05-07 07:00:00,0.07861,0.08489580432852172
2025-05-07 08:00:00,0.06636,0.06470176498209428
2025-05-07 08:00:00,0.06636,0.06470176498209428
2025-05-07 08:00:00,0.06636,0.06470176498209428
2025-05-07 08:00:00,0.06636,0.06470176498209428
2025-05-07 09:00:00,0.0572,0.04727560276330103
2025-05-07 09:00:00,0.0572,0.04727560276330103
2025-05-07 09:00:00,0.0572,0.04727560276330103
2025-05-07 09:00:00,0.0572,0.04727560276330103
2025-05-07 10:00:00,0.05638,0.03745778435326195
2025-05-07 10:00:00,0.05638,0.03745778435326195
2025-05-07 10:00:00,0.05638,0.03745778435326195
2025-05-07 10:00:00,0.05638,0.03745778435326195
2025-05-07 11:00:00,0.0599,0.03712241187762825
2025-05-07 11:00:00,0.0599,0.03712241187762825
2025-05-07 11:00:00,0.0599,0.03712241187762825
2025-05-07 11:00:00,0.0599,0.03712241187762825
2025-05-07 12:00:00,0.06684,0.046934230293754695
2025-05-07 12:00:00,0.06684,0.046934230293754695
2025-05-07 12:00:00,0.06684,0.046934230293754695
2025-05-07 12:00:00,0.06684,0.046934230293754695
2025-05-07 13:00:00,0.07296,0.06657355097109088
2025-05-07 13:00:00,0.07296,0.06657355097109088
2025-05-07 13:00:00,0.07296,0.06657355097109088
2025-05-07 13:00:00,0.07296,0.06657355097109088
2025-05-07 14:00:00,0.0847,0.09276206488602597
2025-05-07 14:00:00,0.0847,0.09276206488602597
2025-05-07 14:00:00,0.0847,0.09276206488602597
2025-05-07 14:00:00,0.0847,0.09276206488602597
2025-05-07 15:00:00,0.09992,0.11795695988003271
2025-05-07 15:00:00,0.09992,0.11795695988003271
2025-05-07 15:00:00,0.09992,0.11795695988003271
2025-05-07 15:00:00,0.09992,0.11795695988003271
2025-05-07 16:00:00,0.11957,0.13282050839528034
2025-05-07 16:00:00,0.11957,0.13282050839528034
2025-05-07 16:00:00,0.11957,0.13282050839528034
2025-05-07 16:00:00,0.11957,0.13282050839528034
2025-05-07 17:00:00,0.151,0.1318596744550748
2025-05-07 17:00:00,0.151,0.1318596744550748
2025-05-07 17:00:00,0.151,0.1318596744550748
2025-05-07 17:00:00,0.151,0.1318596744550748
2025-05-07 18:00:00,0.12704,0.11770062201031342
2025-05-07 18:00:00,0.12704,0.11770062201031342
2025-05-07 18:00:00,0.12704,0.11770062201031342
2025-05-07 18:00:00,0.12704,0.11770062201031342
2025-05-07 19:00:00,0.10559,0.0996800738395969
2025-05-07 19:00:00,0.10559,0.0996800738395969
2025-05-07 19:00:00,0.10559,0.0996800738395969
2025-05-07 19:00:00,0.10559,0.0996800738395969
2025-05-07 20:00:00,0.09311,0.08717625260594095
2025-05-07 20:00:00,0.09311,0.08717625260594095
2025-05-07 20:00:00,0.09311,0.08717625260594095
2025-05-07 20:00:00,0.09311,0.08717625260594095
2025-05-07 21:00:00,0.09159,0.08305265795760391
2025-05-07 21:00:00,0.09159,0.08305265795760391
2025-05-07 21:00:00,0.09159,0.08305265795760391
2025-05-07 21:00:00,0.09159,0.08305265795760391
2025-05-07 22:00:00,0.08759,0.08284045988564404
2025-05-07 22:00:00,0.08759,0.08284045988564404
2025-05-07 22:00:00,0.08759,0.08284045988564404
2025-05-07 22:00:00,0.08759,0.08284045988564404
2025-05-07 23:00:00,0.0874,0.08025777818771146
2025-05-07 23:00:00,0.0874,0.08025777818771146
2025-05-07 23:00:00,0.0874,0.08025777818771146
2025-05-07 23:00:00,0.0874,0.08025777818771146
2025-05-08 00:00:00,0.08832,0.07390578870299165
2025-05-08 00:00:00,0.08832,0.07390578870299165
2025-05-08 00:00:00,0.08832,0.07390578870299165
2025-05-08 00:00:00,0.08832,0.07390578870299165
2025-05-08 01:00:00,0.09609,0.06891995548772166
2025-05-08 01:00:00,0.09609,0.06891995548772166
2025-05-08 01:00:00,0.09609,0.06891995548772166
2025-05-08 01:00:00,0.09609,0.06891995548772166
2025-05-08 02:00:00,0.10887,0.07205918417955273
2025-05-08 02:00:00,0.10887,0.07205918417955273
2025-05-08 02:00:00,0.10887,0.07205918417955273
2025-05-08 02:00:00,0.10887,0.07205918417955273
2025-05-08 03:00:00,0.12406,0.08480309998451814
2025-05-08 03:00:00,0.12406,0.08480309998451814
2025-05-08 03:00:00,0.12406,0.08480309998451814
2025-05-08 03:00:00,0.12406,0.08480309998451814
2025-05-08 04:00:00,0.13893,0.10082408990562552
2025-05-08 04:00:00,0.13893,0.10082408990562552
2025-05-08 04:00:00,0.13893,0.10082408990562552
2025-05-08 04:00:00,0.13893,0.10082408990562552
2025-05-08 05:00:00,0.1283899999999999,0.11013675757374314
2025-05-08 05:00:00,0.1283899999999999,0.11013675757374314
2025-05-08 05:00:00,0.1283899999999999,0.11013675757374314
2025-05-08 05:00:00,0.1283899999999999,0.11013675757374314
2025-05-08 06:00:00,0.09629,0.1062441924073429
2025-05-08 06:00:00,0.09629,0.1062441924073429
2025-05-08 06:00:00,0.09629,0.1062441924073429
2025-05-08 06:00:00,0.09629,0.1062441924073429
2025-05-08 07:00:00,0.08195,0.09026462600121292
2025-05-08 07:00:00,0.08195,0.09026462600121292
2025-05-08 07:00:00,0.08195,0.09026462600121292
2025-05-08 07:00:00,0.08195,0.09026462600121292
2025-05-08 08:00:00,0.06299,0.06920591771589331
2025-05-08 08:00:00,0.06299,0.06920591771589331
2025-05-08 08:00:00,0.06299,0.06920591771589331
2025-05-08 08:00:00,0.06299,0.06920591771589331
2025-05-08 09:00:00,0.0540499999999999,0.05085669295401484
2025-05-08 09:00:00,0.0540499999999999,0.05085669295401484
2025-05-08 09:00:00,0.0540499999999999,0.05085669295401484
2025-05-08 09:00:00,0.0540499999999999,0.05085669295401484
2025-05-08 10:00:00,0.05,0.04006829998401098
2025-05-08 10:00:00,0.05,0.04006829998401098
2025-05-08 10:00:00,0.05,0.04006829998401098
2025-05-08 10:00:00,0.05,0.04006829998401098
2025-05-08 11:00:00,0.056,0.03872617453146132
2025-05-08 11:00:00,0.056,0.03872617453146132
2025-05-08 11:00:00,0.056,0.03872617453146132
2025-05-08 11:00:00,0.056,0.03872617453146132
2025-05-08 12:00:00,0.06597,0.04750669150100541
2025-05-08 12:00:00,0.06597,0.04750669150100541
2025-05-08 12:00:00,0.06597,0.04750669150100541
2025-05-08 12:00:00,0.06597,0.04750669150100541
2025-05-08 13:00:00,0.0755499999999999,0.06610193029224139
2025-05-08 13:00:00,0.0755499999999999,0.06610193029224139
2025-05-08 13:00:00,0.0755499999999999,0.06610193029224139
2025-05-08 13:00:00,0.0755499999999999,0.06610193029224139
2025-05-08 14:00:00,0.08126,0.0912453292152607
2025-05-08 14:00:00,0.08126,0.0912453292152607
2025-05-08 14:00:00,0.08126,0.0912453292152607
2025-05-08 14:00:00,0.08126,0.0912453292152607
2025-05-08 15:00:00,0.09676,0.1154056455282988
2025-05-08 15:00:00,0.09676,0.1154056455282988
2025-05-08 15:00:00,0.09676,0.1154056455282988
2025-05-08 15:00:00,0.09676,0.1154056455282988
2025-05-08 16:00:00,0.1272,0.12925638959121621
2025-05-08 16:00:00,0.1272,0.12925638959121621
2025-05-08 16:00:00,0.1272,0.12925638959121621
2025-05-08 16:00:00,0.1272,0.12925638959121621
2025-05-08 17:00:00,0.18569,0.12731528386032553
2025-05-08 17:00:00,0.18569,0.12731528386032553
2025-05-08 17:00:00,0.18569,0.12731528386032553
2025-05-08 17:00:00,0.18569,0.12731528386032553
2025-05-08 18:00:00,0.14787,0.11221863081085509
2025-05-08 18:00:00,0.14787,0.11221863081085509
2025-05-08 18:00:00,0.14787,0.11221863081085509
2025-05-08 18:00:00,0.14787,0.11221863081085509
2025-05-08 19:00:00,0.11072,0.09331254076379106
2025-05-08 19:00:00,0.11072,0.09331254076379106
2025-05-08 19:00:00,0.11072,0.09331254076379106
2025-05-08 19:00:00,0.11072,0.09331254076379106
2025-05-08 20:00:00,0.10239,0.07998375291503436
2025-05-08 20:00:00,0.10239,0.07998375291503436
2025-05-08 20:00:00,0.10239,0.07998375291503436
2025-05-08 20:00:00,0.10239,0.07998375291503436
2025-05-08 21:00:00,0.10365,0.075103305014194
2025-05-08 21:00:00,0.10365,0.075103305014194
2025-05-08 21:00:00,0.10365,0.075103305014194
2025-05-08 21:00:00,0.10365,0.075103305014194
2025-05-08 22:00:00,0.0908799999999999,0.07420883325146144
2025-05-08 22:00:00,0.0908799999999999,0.07420883325146144
2025-05-08 22:00:00,0.0908799999999999,0.07420883325146144
2025-05-08 22:00:00,0.0908799999999999,0.07420883325146144
2025-05-08 23:00:00,0.0883299999999999,0.07102377340784684
2025-05-08 23:00:00,0.0883299999999999,0.07102377340784684
2025-05-08 23:00:00,0.0883299999999999,0.07102377340784684
2025-05-08 23:00:00,0.0883299999999999,0.07102377340784684
2025-05-09 00:00:00,0.0896599999999999,0.06415340492498064
2025-05-09 00:00:00,0.0896599999999999,0.06415340492498064
2025-05-09 00:00:00,0.0896599999999999,0.06415340492498064
2025-05-09 00:00:00,0.0896599999999999,0.06415340492498064
2025-05-09 01:00:00,0.099,0.05873603782358938
2025-05-09 01:00:00,0.099,0.05873603782358938
2025-05-09 01:00:00,0.099,0.05873603782358938
2025-05-09 01:00:00,0.099,0.05873603782358938
2025-05-09 02:00:00,0.1090699999999999,0.06153213828210521
2025-05-09 02:00:00,0.1090699999999999,0.06153213828210521
2025-05-09 02:00:00,0.1090699999999999,0.06153213828210521
2025-05-09 02:00:00,0.1090699999999999,0.06153213828210521
2025-05-09 03:00:00,0.141,0.07402159662531475
2025-05-09 03:00:00,0.141,0.07402159662531475
2025-05-09 03:00:00,0.141,0.07402159662531475
2025-05-09 03:00:00,0.141,0.07402159662531475
2025-05-09 04:00:00,0.13788,0.08987577743919054
2025-05-09 04:00:00,0.13788,0.08987577743919054
2025-05-09 04:00:00,0.13788,0.08987577743919054
2025-05-09 04:00:00,0.13788,0.08987577743919054
2025-05-09 05:00:00,0.10722,0.09910700001548409
2025-05-09 05:00:00,0.10722,0.09910700001548409
2025-05-09 05:00:00,0.10722,0.09910700001548409
2025-05-09 05:00:00,0.10722,0.09910700001548409
2025-05-09 06:00:00,0.07753,0.09521485047837752
2025-05-09 06:00:00,0.07753,0.09521485047837752
2025-05-09 06:00:00,0.07753,0.09521485047837752
2025-05-09 06:00:00,0.07753,0.09521485047837752
2025-05-09 07:00:00,0.04618,0.07931289789641491
2025-05-09 07:00:00,0.04618,0.07931289789641491
2025-05-09 07:00:00,0.04618,0.07931289789641491
2025-05-09 07:00:00,0.04618,0.07931289789641491
2025-05-09 08:00:00,0.0001,0.05840325551175782
2025-05-09 08:00:00,0.0001,0.05840325551175782
2025-05-09 08:00:00,0.0001,0.05840325551175782
2025-05-09 08:00:00,0.0001,0.05840325551175782
2025-05-09 09:00:00,-0.00054,0.040267809550324274
2025-05-09 09:00:00,-0.00054,0.040267809550324274
2025-05-09 09:00:00,-0.00054,0.040267809550324274
2025-05-09 09:00:00,-0.00054,0.040267809550324274
2025-05-09 10:00:00,-3e-05,0.029750280235612298
2025-05-09 10:00:00,-3e-05,0.029750280235612298
2025-05-09 10:00:00,-3e-05,0.029750280235612298
2025-05-09 10:00:00,-3e-05,0.029750280235612298
2025-05-09 11:00:00,-1e-05,0.028727702833788026
2025-05-09 11:00:00,-1e-05,0.028727702833788026
2025-05-09 11:00:00,-1e-05,0.028727702833788026
2025-05-09 11:00:00,-1e-05,0.028727702833788026
2025-05-09 12:00:00,-0.0002,0.03786740649905474
2025-05-09 12:00:00,-0.0002,0.03786740649905474
2025-05-09 12:00:00,-0.0002,0.03786740649905474
2025-05-09 12:00:00,-0.0002,0.03786740649905474
2025-05-09 13:00:00,0.0460099999999999,0.05685191569729872
2025-05-09 13:00:00,0.0460099999999999,0.05685191569729872
2025-05-09 13:00:00,0.0460099999999999,0.05685191569729872
2025-05-09 13:00:00,0.0460099999999999,0.05685191569729872
2025-05-09 14:00:00,0.07004,0.08240474786888224
2025-05-09 14:00:00,0.07004,0.08240474786888224
2025-05-09 14:00:00,0.07004,0.08240474786888224
2025-05-09 14:00:00,0.07004,0.08240474786888224
2025-05-09 15:00:00,0.09325,0.10698452194599525
2025-05-09 15:00:00,0.09325,0.10698452194599525
2025-05-09 15:00:00,0.09325,0.10698452194599525
2025-05-09 15:00:00,0.09325,0.10698452194599525
2025-05-09 16:00:00,0.1196899999999999,0.12125454419035417
2025-05-09 16:00:00,0.1196899999999999,0.12125454419035417
2025-05-09 16:00:00,0.1196899999999999,0.12125454419035417
2025-05-09 16:00:00,0.1196899999999999,0.12125454419035417
2025-05-09 17:00:00,0.15256,0.11972242009206982
2025-05-09 17:00:00,0.15256,0.11972242009206982
2025-05-09 17:00:00,0.15256,0.11972242009206982
2025-05-09 17:00:00,0.15256,0.11972242009206982
2025-05-09 18:00:00,0.13883,0.10501457431193087
2025-05-09 18:00:00,0.13883,0.10501457431193087
2025-05-09 18:00:00,0.13883,0.10501457431193087
2025-05-09 18:00:00,0.13883,0.10501457431193087
2025-05-09 19:00:00,0.11299,0.08646762761740437
2025-05-09 19:00:00,0.11299,0.08646762761740437
2025-05-09 19:00:00,0.11299,0.08646762761740437
2025-05-09 19:00:00,0.11299,0.08646762761740437
2025-05-09 20:00:00,0.09806,0.07345936210625137
2025-05-09 20:00:00,0.09806,0.07345936210625137
2025-05-09 20:00:00,0.09806,0.07345936210625137
2025-05-09 20:00:00,0.09806,0.07345936210625137
2025-05-09 21:00:00,0.116,0.06885252818639594
2025-05-09 21:00:00,0.116,0.06885252818639594
2025-05-09 21:00:00,0.116,0.06885252818639594
2025-05-09 21:00:00,0.116,0.06885252818639594
2025-05-09 22:00:00,0.09692,0.0681772730422214
2025-05-09 22:00:00,0.09692,0.0681772730422214
2025-05-09 22:00:00,0.09692,0.0681772730422214
2025-05-09 22:00:00,0.09692,0.0681772730422214
2025-05-09 23:00:00,0.09287,0.06515045985633569
2025-05-09 23:00:00,0.09287,0.06515045985633569
2025-05-09 23:00:00,0.09287,0.06515045985633569
2025-05-09 23:00:00,0.09287,0.06515045985633569
2025-05-10 00:00:00,0.0957,0.05837181784379039
2025-05-10 00:00:00,0.0957,0.05837181784379039
2025-05-10 00:00:00,0.0957,0.05837181784379039
2025-05-10 00:00:00,0.0957,0.05837181784379039
2025-05-10 01:00:00,0.10148,0.05297522154985662
2025-05-10 01:00:00,0.10148,0.05297522154985662
2025-05-10 01:00:00,0.10148,0.05297522154985662
2025-05-10 01:00:00,0.10148,0.05297522154985662
2025-05-10 02:00:00,0.10047,0.05571789394187611
2025-05-10 02:00:00,0.10047,0.05571789394187611
2025-05-10 02:00:00,0.10047,0.05571789394187611
2025-05-10 02:00:00,0.10047,0.05571789394187611
2025-05-10 03:00:00,0.0978199999999999,0.06807773593156488
2025-05-10 03:00:00,0.0978199999999999,0.06807773593156488
2025-05-10 03:00:00,0.0978199999999999,0.06807773593156488
2025-05-10 03:00:00,0.0978199999999999,0.06807773593156488
2025-05-10 04:00:00,0.09648,0.08372542116216644
2025-05-10 04:00:00,0.09648,0.08372542116216644
2025-05-10 04:00:00,0.09648,0.08372542116216644
2025-05-10 04:00:00,0.09648,0.08372542116216644
2025-05-10 05:00:00,0.07499,0.09267390357034042
2025-05-10 05:00:00,0.07499,0.09267390357034042
2025-05-10 05:00:00,0.07499,0.09267390357034042
2025-05-10 05:00:00,0.07499,0.09267390357034042
2025-05-10 06:00:00,0.0082899999999999,0.08842473863863735
2025-05-10 06:00:00,0.0082899999999999,0.08842473863863735
2025-05-10 06:00:00,0.0082899999999999,0.08842473863863735
2025-05-10 06:00:00,0.0082899999999999,0.08842473863863735
2025-05-10 07:00:00,-7.000000000000001e-05,0.07209479041248203
2025-05-10 07:00:00,-7.000000000000001e-05,0.07209479041248203
2025-05-10 07:00:00,-7.000000000000001e-05,0.07209479041248203
2025-05-10 07:00:00,-7.000000000000001e-05,0.07209479041248203
2025-05-10 08:00:00,-0.02291,0.0506907654311439
2025-05-10 08:00:00,-0.02291,0.0506907654311439
2025-05-10 08:00:00,-0.02291,0.0506907654311439
2025-05-10 08:00:00,-0.02291,0.0506907654311439
2025-05-10 09:00:00,-0.07,0.032000396305802016
2025-05-10 09:00:00,-0.07,0.032000396305802016
2025-05-10 09:00:00,-0.07,0.032000396305802016
2025-05-10 09:00:00,-0.07,0.032000396305802016
2025-05-10 10:00:00,-0.1271,0.020874440021810527
2025-05-10 10:00:00,-0.1271,0.020874440021810527
2025-05-10 10:00:00,-0.1271,0.020874440021810527
2025-05-10 10:00:00,-0.1271,0.020874440021810527
2025-05-10 11:00:00,-0.11061,0.019198079545905966
2025-05-10 11:00:00,-0.11061,0.019198079545905966
2025-05-10 11:00:00,-0.11061,0.019198079545905966
2025-05-10 11:00:00,-0.11061,0.019198079545905966
2025-05-10 12:00:00,-0.0495,0.027647807417999208
2025-05-10 12:00:00,-0.0495,0.027647807417999215
2025-05-10 12:00:00,-0.0495,0.027647807417999208
2025-05-10 12:00:00,-0.0495,0.027647807417999215
2025-05-10 13:00:00,-0.00591,0.04591621726134855
2025-05-10 13:00:00,-0.00591,0.04591621726134855
2025-05-10 13:00:00,-0.00591,0.04591621726134855
2025-05-10 13:00:00,-0.00591,0.04591621726134855
2025-05-10 14:00:00,0.02017,0.07073767819761265
2025-05-10 14:00:00,0.02017,0.07073767819761265
2025-05-10 14:00:00,0.02017,0.07073767819761265
2025-05-10 14:00:00,0.02017,0.07073767819761265
2025-05-10 15:00:00,0.084,0.0945823083144078
2025-05-10 15:00:00,0.084,0.0945823083144078
2025-05-10 15:00:00,0.084,0.0945823083144078
2025-05-10 15:00:00,0.084,0.0945823083144078
2025-05-10 16:00:00,0.1132,0.1081254153099063
2025-05-10 16:00:00,0.1132,0.1081254153099063
2025-05-10 16:00:00,0.1132,0.1081254153099063
2025-05-10 16:00:00,0.1132,0.1081254153099063
2025-05-10 17:00:00,0.14514,0.10588695487549048
2025-05-10 17:00:00,0.14514,0.10588695487549048
2025-05-10 17:00:00,0.14514,0.10588695487549048
2025-05-10 17:00:00,0.14514,0.10588695487549048
2025-05-10 18:00:00,0.13124,0.09050589071935676
2025-05-10 18:00:00,0.13124,0.09050589071935676
2025-05-10 18:00:00,0.13124,0.09050589071935676
2025-05-10 18:00:00,0.13124,0.09050589071935676
2025-05-10 19:00:00,0.1024,0.07133140721417418
2025-05-10 19:00:00,0.1024,0.07133140721417418
2025-05-10 19:00:00,0.1024,0.07133140721417418
2025-05-10 19:00:00,0.1024,0.07133140721417418
2025-05-10 20:00:00,0.08956,0.05775370802248008
2025-05-10 20:00:00,0.08956,0.05775370802248008
2025-05-10 20:00:00,0.08956,0.05775370802248008
2025-05-10 20:00:00,0.08956,0.05775370802248008
2025-05-10 21:00:00,0.0978,0.052647656314018264
2025-05-10 21:00:00,0.0978,0.052647656314018264
2025-05-10 21:00:00,0.0978,0.052647656314018264
2025-05-10 21:00:00,0.0978,0.052647656314018264
2025-05-10 22:00:00,0.08992,0.05155503842996502
2025-05-10 22:00:00,0.08992,0.05155503842996502
2025-05-10 22:00:00,0.08992,0.05155503842996502
2025-05-10 22:00:00,0.08992,0.05155503842996502
2025-05-10 23:00:00,0.09006,0.04820372238460351
2025-05-10 23:00:00,0.09006,0.04820372238460351
2025-05-10 23:00:00,0.09006,0.04820372238460351
2025-05-10 23:00:00,0.09006,0.04820372238460351
2025-05-11 00:00:00,0.08972,0.041203653341903214
2025-05-11 00:00:00,0.08972,0.041203653341903214
2025-05-11 00:00:00,0.08972,0.041203653341903214
2025-05-11 00:00:00,0.08972,0.041203653341903214
2025-05-11 01:00:00,0.08949,0.035697986530479155
2025-05-11 01:00:00,0.08949,0.035697986530479155
2025-05-11 01:00:00,0.08949,0.035697986530479155
2025-05-11 01:00:00,0.08949,0.035697986530479155
2025-05-11 02:00:00,0.08946,0.03845215404743628
2025-05-11 02:00:00,0.08946,0.03845215404743628
2025-05-11 02:00:00,0.08946,0.03845215404743628
2025-05-11 02:00:00,0.08946,0.03845215404743628
2025-05-11 03:00:00,0.08234,0.050951069980677124
2025-05-11 03:00:00,0.08234,0.050951069980677124
2025-05-11 03:00:00,0.08234,0.050951069980677124
2025-05-11 03:00:00,0.08234,0.050951069980677124
2025-05-11 04:00:00,0.06222,0.06687111434828454
2025-05-11 04:00:00,0.06222,0.06687111434828454
2025-05-11 04:00:00,0.06222,0.06687111434828454
2025-05-11 04:00:00,0.06222,0.06687111434828454
2025-05-11 05:00:00,0.00496,0.07622954486446562
2025-05-11 05:00:00,0.00496,0.07622954486446562
2025-05-11 05:00:00,0.00496,0.07622954486446562
2025-05-11 05:00:00,0.00496,0.07622954486446562
2025-05-11 06:00:00,-0.0001,0.07253073875554125
2025-05-11 06:00:00,-0.0001,0.07253073875554125
2025-05-11 06:00:00,-0.0001,0.07253073875554125
2025-05-11 06:00:00,-0.0001,0.07253073875554125
2025-05-11 07:00:00,-0.01201,0.056892837811966565
2025-05-11 07:00:00,-0.01201,0.056892837811966565
2025-05-11 07:00:00,-0.01201,0.056892837811966565
2025-05-11 07:00:00,-0.01201,0.056892837811966565
2025-05-11 08:00:00,-0.06742,0.03632223874848568
2025-05-11 08:00:00,-0.06742,0.03632223874848568
2025-05-11 08:00:00,-0.06742,0.03632223874848568
2025-05-11 08:00:00,-0.06742,0.03632223874848568
2025-05-11 09:00:00,-0.31912,0.01860475224670404
2025-05-11 09:00:00,-0.31912,0.01860475224670404
2025-05-11 09:00:00,-0.31912,0.01860475224670404
2025-05-11 09:00:00,-0.31912,0.01860475224670404
2025-05-11 10:00:00,-0.35,0.008587596240297729
2025-05-11 10:00:00,-0.35,0.008587596240297729
2025-05-11 10:00:00,-0.35,0.008587596240297729
2025-05-11 10:00:00,-0.35,0.008587596240297729
2025-05-11 11:00:00,-0.29993,0.008150812187364936
2025-05-11 11:00:00,-0.29993,0.008150812187364936
2025-05-11 11:00:00,-0.29993,0.008150812187364936
2025-05-11 11:00:00,-0.29993,0.008150812187364936
2025-05-11 12:00:00,-0.1099599999999999,0.017964182986732496
2025-05-11 12:00:00,-0.1099599999999999,0.017964182986732496
2025-05-11 12:00:00,-0.1099599999999999,0.017964182986732496
2025-05-11 12:00:00,-0.1099599999999999,0.017964182986732496
2025-05-11 13:00:00,-0.0184499999999999,0.03771207817837116
2025-05-11 13:00:00,-0.0184499999999999,0.03771207817837116
2025-05-11 13:00:00,-0.0184499999999999,0.03771207817837116
2025-05-11 13:00:00,-0.0184499999999999,0.03771207817837116
2025-05-11 14:00:00,-0.0001199999999999,0.06411920088256762
2025-05-11 14:00:00,-0.0001199999999999,0.06411920088256762
2025-05-11 14:00:00,-0.0001199999999999,0.06411920088256762
2025-05-11 14:00:00,-0.0001199999999999,0.06411920088256762
2025-05-11 15:00:00,0.07701,0.08964465185560307
2025-05-11 15:00:00,0.07701,0.08964465185560307
2025-05-11 15:00:00,0.07701,0.08964465185560307
2025-05-11 15:00:00,0.07701,0.08964465185560307
2025-05-11 16:00:00,0.11195,0.10495147781285143
2025-05-11 16:00:00,0.11195,0.10495147781285143
2025-05-11 16:00:00,0.11195,0.10495147781285143
2025-05-11 16:00:00,0.11195,0.10495147781285143
2025-05-11 17:00:00,0.12486,0.10454625334565468
2025-05-11 17:00:00,0.12486,0.10454625334565468
2025-05-11 17:00:00,0.12486,0.10454625334565468
2025-05-11 17:00:00,0.12486,0.10454625334565468
2025-05-11 18:00:00,0.1153,0.09105357894255549
2025-05-11 18:00:00,0.1153,0.09105357894255549
2025-05-11 18:00:00,0.1153,0.09105357894255549
2025-05-11 18:00:00,0.1153,0.09105357894255549
2025-05-11 19:00:00,0.09845,0.07380744450232293
2025-05-11 19:00:00,0.09845,0.07380744450232293
2025-05-11 19:00:00,0.09845,0.07380744450232293
2025-05-11 19:00:00,0.09845,0.07380744450232293
2025-05-11 20:00:00,0.08468,0.06218218993847842
2025-05-11 20:00:00,0.08468,0.06218218993847842
2025-05-11 20:00:00,0.08468,0.06218218993847842
2025-05-11 20:00:00,0.08468,0.06218218993847842
2025-05-11 21:00:00,0.0817,0.05903631657906951
2025-05-11 21:00:00,0.0817,0.05903631657906951
2025-05-11 21:00:00,0.0817,0.05903631657906951
2025-05-11 21:00:00,0.0817,0.05903631657906951
2025-05-11 22:00:00,0.07725,0.059894929207009194
2025-05-11 22:00:00,0.07725,0.059894929207009194
2025-05-11 22:00:00,0.07725,0.059894929207009194
2025-05-11 22:00:00,0.07725,0.059894929207009194
2025-05-11 23:00:00,0.0770199999999999,0.05846907801067823
2025-05-11 23:00:00,0.0770199999999999,0.05846907801067823
2025-05-11 23:00:00,0.0770199999999999,0.05846907801067823
2025-05-11 23:00:00,0.0770199999999999,0.05846907801067823
2025-05-12 00:00:00,0.07744,0.05335194039747469
2025-05-12 00:00:00,0.07744,0.05335194039747469
2025-05-12 00:00:00,0.07744,0.05335194039747469
2025-05-12 00:00:00,0.07744,0.05335194039747469
2025-05-12 01:00:00,0.08033,0.04967014090665299
2025-05-12 01:00:00,0.08033,0.04967014090665299
2025-05-12 01:00:00,0.08033,0.04967014090665299
2025-05-12 01:00:00,0.08033,0.04967014090665299
2025-05-12 02:00:00,0.09115,0.054173003424214126
2025-05-12 02:00:00,0.09115,0.054173003424214126
2025-05-12 02:00:00,0.09115,0.054173003424214126
2025-05-12 02:00:00,0.09115,0.054173003424214126
2025-05-12 03:00:00,0.12315,0.06832993791529009
2025-05-12 03:00:00,0.12315,0.06832993791529009
2025-05-12 03:00:00,0.12315,0.06832993791529009
2025-05-12 03:00:00,0.12315,0.06832993791529009
2025-05-12 04:00:00,0.12771,0.08580259995394088
2025-05-12 04:00:00,0.12771,0.08580259995394088
2025-05-12 04:00:00,0.12771,0.08580259995394088
2025-05-12 04:00:00,0.12771,0.08580259995394088
2025-05-12 05:00:00,0.10621,0.09659446996481126
2025-05-12 05:00:00,0.10621,0.09659446996481126
2025-05-12 05:00:00,0.10621,0.09659446996481126
2025-05-12 05:00:00,0.10621,0.09659446996481126
2025-05-12 06:00:00,0.0622599999999999,0.0941972523526271
2025-05-12 06:00:00,0.0622599999999999,0.0941972523526271
2025-05-12 06:00:00,0.0622599999999999,0.0941972523526271
2025-05-12 06:00:00,0.0622599999999999,0.0941972523526271
2025-05-12 07:00:00,-0.002,0.07971766579991058
2025-05-12 07:00:00,-0.002,0.07971766579991058
2025-05-12 07:00:00,-0.002,0.07971766579991058
2025-05-12 07:00:00,-0.002,0.07971766579991058
2025-05-12 08:00:00,-0.0060199999999999,0.060152065030099185
2025-05-12 08:00:00,-0.0060199999999999,0.060152065030099185
2025-05-12 08:00:00,-0.0060199999999999,0.060152065030099185
2025-05-12 08:00:00,-0.0060199999999999,0.060152065030099185
2025-05-12 09:00:00,-0.04418,0.04327771581557613
2025-05-12 09:00:00,-0.04418,0.04327771581557613
2025-05-12 09:00:00,-0.04418,0.04327771581557613
2025-05-12 09:00:00,-0.04418,0.04327771581557613
2025-05-12 10:00:00,-0.05696,0.033934887356409656
2025-05-12 10:00:00,-0.05696,0.033934887356409656
2025-05-12 10:00:00,-0.05696,0.033934887356409656
2025-05-12 10:00:00,-0.05696,0.033934887356409656
2025-05-12 11:00:00,-0.0482299999999999,0.03399834956329403
2025-05-12 11:00:00,-0.0482299999999999,0.03399834956329403
2025-05-12 11:00:00,-0.0482299999999999,0.03399834956329403
2025-05-12 11:00:00,-0.0482299999999999,0.03399834956329403
2025-05-12 12:00:00,-0.01089,0.04413435289699008
2025-05-12 12:00:00,-0.01089,0.04413435289699008
2025-05-12 12:00:00,-0.01089,0.04413435289699008
2025-05-12 12:00:00,-0.01089,0.04413435289699008
2025-05-12 13:00:00,-0.00372,0.06402551562527051
2025-05-12 13:00:00,-0.00372,0.06402551562527051
2025-05-12 13:00:00,-0.00372,0.06402551562527051
2025-05-12 13:00:00,-0.00372,0.06402551562527051
2025-05-12 14:00:00,0.06447,0.0903965924309042
2025-05-12 14:00:00,0.06447,0.0903965924309042
2025-05-12 14:00:00,0.06447,0.0903965924309042
2025-05-12 14:00:00,0.06447,0.0903965924309042
2025-05-12 15:00:00,0.0955699999999999,0.11570853944722545
2025-05-12 15:00:00,0.0955699999999999,0.11570853944722545
2025-05-12 15:00:00,0.0955699999999999,0.11570853944722545
2025-05-12 15:00:00,0.0955699999999999,0.11570853944722545
2025-05-12 16:00:00,0.13001,0.1306280428367622
2025-05-12 16:00:00,0.13001,0.1306280428367622
2025-05-12 16:00:00,0.13001,0.1306280428367622
2025-05-12 16:00:00,0.13001,0.1306280428367622
2025-05-12 17:00:00,0.16942,0.12966706045892734
2025-05-12 17:00:00,0.16942,0.12966706045892734
2025-05-12 17:00:00,0.16942,0.12966706045892734
2025-05-12 17:00:00,0.16942,0.12966706045892734
2025-05-12 18:00:00,0.11758,0.1154572595933164
2025-05-12 18:00:00,0.11758,0.1154572595933164
2025-05-12 18:00:00,0.11758,0.1154572595933164
2025-05-12 18:00:00,0.11758,0.1154572595933164
2025-05-12 19:00:00,0.10114,0.09734130080289842
2025-05-12 19:00:00,0.10114,0.09734130080289842
2025-05-12 19:00:00,0.10114,0.09734130080289842
2025-05-12 19:00:00,0.10114,0.09734130080289842
2025-05-12 20:00:00,0.0904399999999999,0.084703700482158
2025-05-12 20:00:00,0.0904399999999999,0.084703700482158
2025-05-12 20:00:00,0.0904399999999999,0.084703700482158
2025-05-12 20:00:00,0.0904399999999999,0.084703700482158
2025-05-12 21:00:00,0.0,0.08041452694899956
2025-05-12 21:00:00,0.0,0.08041452694899956
2025-05-12 21:00:00,0.0,0.08041452694899956
2025-05-12 21:00:00,0.0,0.08041452694899956
2025-05-12 22:00:00,0.0,0.08001171128890677
2025-05-12 22:00:00,0.0,0.08001171128890677
2025-05-12 22:00:00,0.0,0.08001171128890677
2025-05-12 22:00:00,0.0,0.08001171128890677
2025-05-12 23:00:00,0.0,0.07722024379105306
2025-05-12 23:00:00,0.0,0.07722024379105306
2025-05-12 23:00:00,0.0,0.07722024379105306
2025-05-12 23:00:00,0.0,0.07722024379105306
2025-05-13 00:00:00,0.0,0.07064819765031298
2025-05-13 00:00:00,0.0,0.07064819765031298
2025-05-13 00:00:00,0.0,0.07064819765031298
2025-05-13 00:00:00,0.0,0.07064819765031298
2025-05-13 01:00:00,0.0,0.06543788006110904
2025-05-13 01:00:00,0.0,0.06543788006110904
2025-05-13 01:00:00,0.0,0.06543788006110904
2025-05-13 01:00:00,0.0,0.06543788006110904
2025-05-13 02:00:00,0.0,0.06835490691248534
2025-05-13 02:00:00,0.0,0.06835490691248534
2025-05-13 02:00:00,0.0,0.06835490691248534
2025-05-13 02:00:00,0.0,0.06835490691248534
2025-05-13 03:00:00,0.0,0.08088540541887676
2025-05-13 03:00:00,0.0,0.08088540541887676
2025-05-13 03:00:00,0.0,0.08088540541887676
2025-05-13 03:00:00,0.0,0.08088540541887676
2025-05-13 04:00:00,0.0,0.09670798516030119
2025-05-13 04:00:00,0.0,0.09670798516030119
2025-05-13 04:00:00,0.0,0.09670798516030119
2025-05-13 04:00:00,0.0,0.09670798516030119
2025-05-13 05:00:00,0.0,0.10584312668671338
2025-05-13 05:00:00,0.0,0.10584312668671338
2025-05-13 05:00:00,0.0,0.10584312668671338
2025-05-13 05:00:00,0.0,0.10584312668671338
2025-05-13 06:00:00,0.0,0.10179939012161836
2025-05-13 06:00:00,0.0,0.10179939012161836
2025-05-13 06:00:00,0.0,0.10179939012161836
2025-05-13 06:00:00,0.0,0.10179939012161836
2025-05-13 07:00:00,0.0,0.08570001733438253
2025-05-13 07:00:00,0.0,0.08570001733438253
2025-05-13 07:00:00,0.0,0.08570001733438253
2025-05-13 07:00:00,0.0,0.08570001733438253
2025-05-13 08:00:00,0.0,0.06455737017611939
2025-05-13 08:00:00,0.0,0.06455737017611939
2025-05-13 08:00:00,0.0,0.06455737017611939
2025-05-13 08:00:00,0.0,0.06455737017611939
2025-05-13 09:00:00,0.0,0.04616402875110212
2025-05-13 09:00:00,0.0,0.04616402875110212
2025-05-13 09:00:00,0.0,0.04616402875110212
2025-05-13 09:00:00,0.0,0.04616402875110212
2025-05-13 10:00:00,0.0,0.03537471592467012
2025-05-13 10:00:00,0.0,0.03537471592467012
2025-05-13 10:00:00,0.0,0.03537471592467012
2025-05-13 10:00:00,0.0,0.03537471592467012
2025-05-13 11:00:00,0.0,0.03407763758667632
2025-05-13 11:00:00,0.0,0.03407763758667632
2025-05-13 11:00:00,0.0,0.03407763758667632
2025-05-13 11:00:00,0.0,0.03407763758667632
2025-05-13 12:00:00,0.0,0.04295131813909531
2025-05-13 12:00:00,0.0,0.04295131813909531
2025-05-13 12:00:00,0.0,0.04295131813909531
2025-05-13 12:00:00,0.0,0.04295131813909531
2025-05-13 13:00:00,0.0,0.061689357773625046
2025-05-13 13:00:00,0.0,0.061689357773625046
2025-05-13 13:00:00,0.0,0.061689357773625046
2025-05-13 13:00:00,0.0,0.061689357773625046
2025-05-13 14:00:00,0.0,0.08702608695780523
2025-05-13 14:00:00,0.0,0.08702608695780523
2025-05-13 14:00:00,0.0,0.08702608695780523
2025-05-13 14:00:00,0.0,0.08702608695780523
2025-05-13 15:00:00,0.0,0.11143053452097423
2025-05-13 15:00:00,0.0,0.11143053452097423
2025-05-13 15:00:00,0.0,0.11143053452097423
2025-05-13 15:00:00,0.0,0.11143053452097423
2025-05-13 16:00:00,0.0,0.12557587754168462
2025-05-13 16:00:00,0.0,0.12557587754168462
2025-05-13 16:00:00,0.0,0.12557587754168462
2025-05-13 16:00:00,0.0,0.12557587754168462
2025-05-13 17:00:00,0.0,0.12397892345869621
2025-05-13 17:00:00,0.0,0.12397892345869621
2025-05-13 17:00:00,0.0,0.12397892345869621
2025-05-13 17:00:00,0.0,0.12397892345869621
2025-05-13 18:00:00,0.0,0.10927450800436775
2025-05-13 18:00:00,0.0,0.10927450800436775
2025-05-13 18:00:00,0.0,0.10927450800436775
2025-05-13 18:00:00,0.0,0.10927450800436775
2025-05-13 19:00:00,0.0,0.09080675942505906
2025-05-13 19:00:00,0.0,0.09080675942505906
2025-05-13 19:00:00,0.0,0.09080675942505906
2025-05-13 19:00:00,0.0,0.09080675942505906
2025-05-13 20:00:00,0.0,0.07795996169211211
2025-05-13 20:00:00,0.0,0.07795996169211211
2025-05-13 20:00:00,0.0,0.07795996169211211
2025-05-13 20:00:00,0.0,0.07795996169211211
2025-05-13 21:00:00,0.0,0.07360227144454051
2025-05-13 21:00:00,0.0,0.07360227144454051
2025-05-13 21:00:00,0.0,0.07360227144454051
2025-05-13 21:00:00,0.0,0.07360227144454051
2025-05-13 22:00:00,0.0,0.07326806953639464
2025-05-13 22:00:00,0.0,0.07326806953639464
2025-05-13 22:00:00,0.0,0.07326806953639464
2025-05-13 22:00:00,0.0,0.07326806953639464
2025-05-13 23:00:00,0.0,0.07067721740875915
2025-05-13 23:00:00,0.0,0.07067721740875915
2025-05-13 23:00:00,0.0,0.07067721740875915
2025-05-13 23:00:00,0.0,0.07067721740875915
2025-05-14 00:00:00,0.0,0.06443115916828403
2025-05-14 00:00:00,0.0,0.06443115916828403
2025-05-14 00:00:00,0.0,0.06443115916828403
2025-05-14 00:00:00,0.0,0.06443115916828403
2025-05-14 01:00:00,0.0,0.059664168420844495
2025-05-14 01:00:00,0.0,0.059664168420844495
2025-05-14 01:00:00,0.0,0.059664168420844495
2025-05-14 01:00:00,0.0,0.059664168420844495
2025-05-14 02:00:00,0.0,0.06313253482810385
2025-05-14 02:00:00,0.0,0.06313253482810385
2025-05-14 02:00:00,0.0,0.06313253482810385
2025-05-14 02:00:00,0.0,0.06313253482810385
2025-05-14 03:00:00,0.0,0.07631189325918038
2025-05-14 03:00:00,0.0,0.07631189325918038
2025-05-14 03:00:00,0.0,0.07631189325918038
2025-05-14 03:00:00,0.0,0.07631189325918038
2025-05-14 04:00:00,0.0,0.09286933439387214
2025-05-14 04:00:00,0.0,0.09286933439387214
2025-05-14 04:00:00,0.0,0.09286933439387214
2025-05-14 04:00:00,0.0,0.09286933439387214
2025-05-14 05:00:00,0.0,0.10281294414291153
2025-05-14 05:00:00,0.0,0.10281294414291153
2025-05-14 05:00:00,0.0,0.10281294414291153
2025-05-14 05:00:00,0.0,0.10281294414291153
2025-05-14 06:00:00,0.0,0.09963817241743297
2025-05-14 06:00:00,0.0,0.09963817241743297
2025-05-14 06:00:00,0.0,0.09963817241743297
2025-05-14 06:00:00,0.0,0.09963817241743297
2025-05-14 07:00:00,0.0,0.08445460279037781
2025-05-14 07:00:00,0.0,0.08445460279037781
2025-05-14 07:00:00,0.0,0.08445460279037781
2025-05-14 07:00:00,0.0,0.08445460279037781
2025-05-14 08:00:00,0.0,0.06426056344384265
2025-05-14 08:00:00,0.0,0.06426056344384265
2025-05-14 08:00:00,0.0,0.06426056344384265
2025-05-14 08:00:00,0.0,0.06426056344384265
2025-05-14 09:00:00,0.0,0.04683440122657459
2025-05-14 09:00:00,0.0,0.04683440122657459
2025-05-14 09:00:00,0.0,0.04683440122657459
2025-05-14 09:00:00,0.0,0.04683440122657459
2025-05-14 10:00:00,0.0,0.03701658281509892
2025-05-14 10:00:00,0.0,0.03701658281509892
2025-05-14 10:00:00,0.0,0.03701658281509892
2025-05-14 10:00:00,0.0,0.03701658281509892
2025-05-14 11:00:00,0.0,0.03668121033961762
2025-05-14 11:00:00,0.0,0.03668121033961762
2025-05-14 11:00:00,0.0,0.03668121033961762
2025-05-14 11:00:00,0.0,0.03668121033961762
2025-05-14 12:00:00,0.0,0.046493028755887233
2025-05-14 12:00:00,0.0,0.046493028755887233
2025-05-14 12:00:00,0.0,0.046493028755887233
2025-05-14 12:00:00,0.0,0.046493028755887233
2025-05-14 13:00:00,0.0,0.0661323494317674
2025-05-14 13:00:00,0.0,0.0661323494317674
2025-05-14 13:00:00,0.0,0.0661323494317674
2025-05-14 13:00:00,0.0,0.0661323494317674
2025-05-14 14:00:00,0.0,0.09232086334772693
2025-05-14 14:00:00,0.0,0.09232086334772693
2025-05-14 14:00:00,0.0,0.09232086334772693
2025-05-14 14:00:00,0.0,0.09232086334772693
2025-05-14 15:00:00,0.0,0.1175157583420097
2025-05-14 15:00:00,0.0,0.1175157583420097
2025-05-14 15:00:00,0.0,0.1175157583420097
2025-05-14 15:00:00,0.0,0.1175157583420097
2025-05-14 16:00:00,0.0,0.13237930685758226
2025-05-14 16:00:00,0.0,0.13237930685758226
2025-05-14 16:00:00,0.0,0.13237930685758226
2025-05-14 16:00:00,0.0,0.13237930685758226
2025-05-14 17:00:00,0.0,0.13141847291680409
2025-05-14 17:00:00,0.0,0.13141847291680409
2025-05-14 17:00:00,0.0,0.13141847291680409
2025-05-14 17:00:00,0.0,0.13141847291680409
2025-05-14 18:00:00,0.0,0.11725942047207072
2025-05-14 18:00:00,0.0,0.11725942047207072
2025-05-14 18:00:00,0.0,0.11725942047207072
2025-05-14 18:00:00,0.0,0.11725942047207072
2025-05-14 19:00:00,0.0,0.09923887230147885
2025-05-14 19:00:00,0.0,0.09923887230147885
2025-05-14 19:00:00,0.0,0.09923887230147885
2025-05-14 19:00:00,0.0,0.09923887230147885
2025-05-14 20:00:00,0.0,0.0867350510679629
2025-05-14 20:00:00,0.0,0.0867350510679629
2025-05-14 20:00:00,0.0,0.0867350510679629
2025-05-14 20:00:00,0.0,0.0867350510679629
2025-05-14 21:00:00,0.0,0.08261145641904183
2025-05-14 21:00:00,0.0,0.08261145641904183
2025-05-14 21:00:00,0.0,0.08261145641904183
2025-05-14 21:00:00,0.0,0.08261145641904183
2025-05-14 22:00:00,0.0,0.08239925834765659
2025-05-14 22:00:00,0.0,0.08239925834765659
2025-05-14 22:00:00,0.0,0.08239925834765659
2025-05-14 22:00:00,0.0,0.08239925834765659
2025-05-14 23:00:00,0.0,0.07981657664959758
2025-05-14 23:00:00,0.0,0.07981657664959758
2025-05-14 23:00:00,0.0,0.07981657664959758
2025-05-14 23:00:00,0.0,0.07981657664959758
2025-05-15 00:00:00,0.0,0.07346458716476201
2025-05-15 00:00:00,0.0,0.07346458716476201
2025-05-15 00:00:00,0.0,0.07346458716476201
2025-05-15 00:00:00,0.0,0.07346458716476201
2025-05-15 01:00:00,0.0,0.06847875394947756
2025-05-15 01:00:00,0.0,0.06847875394947756
2025-05-15 01:00:00,0.0,0.06847875394947756
2025-05-15 01:00:00,0.0,0.06847875394947756
2025-05-15 02:00:00,0.0,0.07161798264181626
2025-05-15 02:00:00,0.0,0.07161798264181626
2025-05-15 02:00:00,0.0,0.07161798264181626
2025-05-15 02:00:00,0.0,0.07161798264181626
2025-05-15 03:00:00,0.0,0.08436189844653161
2025-05-15 03:00:00,0.0,0.08436189844653161
2025-05-15 03:00:00,0.0,0.08436189844653161
2025-05-15 03:00:00,0.0,0.08436189844653161
2025-05-15 04:00:00,0.0,0.10038288836725125
2025-05-15 04:00:00,0.0,0.10038288836725125
2025-05-15 04:00:00,0.0,0.10038288836725125
2025-05-15 04:00:00,0.0,0.10038288836725125
2025-05-15 05:00:00,0.0,0.10969555603584638
2025-05-15 05:00:00,0.0,0.10969555603584638
2025-05-15 05:00:00,0.0,0.10969555603584638
2025-05-15 05:00:00,0.0,0.10969555603584638
2025-05-15 06:00:00,0.0,0.10580299086933279
2025-05-15 06:00:00,0.0,0.10580299086933279
2025-05-15 06:00:00,0.0,0.10580299086933279
2025-05-15 06:00:00,0.0,0.10580299086933279
2025-05-15 07:00:00,0.0,0.08982342446305103
2025-05-15 07:00:00,0.0,0.08982342446305103
2025-05-15 07:00:00,0.0,0.08982342446305103
2025-05-15 07:00:00,0.0,0.08982342446305103
2025-05-15 08:00:00,0.0,0.06876471617759228
2025-05-15 08:00:00,0.0,0.06876471617759228
2025-05-15 08:00:00,0.0,0.06876471617759228
2025-05-15 08:00:00,0.0,0.06876471617759228
2025-05-15 09:00:00,0.0,0.050415491416400046
2025-05-15 09:00:00,0.0,0.050415491416400046
2025-05-15 09:00:00,0.0,0.050415491416400046
2025-05-15 09:00:00,0.0,0.050415491416400046
2025-05-15 10:00:00,0.0,0.0396270984457929
2025-05-15 10:00:00,0.0,0.0396270984457929
2025-05-15 10:00:00,0.0,0.0396270984457929
2025-05-15 10:00:00,0.0,0.0396270984457929
2025-05-15 11:00:00,0.0,0.0382849729933974
2025-05-15 11:00:00,0.0,0.0382849729933974
2025-05-15 11:00:00,0.0,0.0382849729933974
2025-05-15 11:00:00,0.0,0.0382849729933974
2025-05-15 12:00:00,0.0,0.04706548996308465
2025-05-15 12:00:00,0.0,0.04706548996308465
2025-05-15 12:00:00,0.0,0.04706548996308465
2025-05-15 12:00:00,0.0,0.04706548996308465
2025-05-15 13:00:00,0.0,0.06566072875438454
2025-05-15 13:00:00,0.0,0.06566072875438454
2025-05-15 13:00:00,0.0,0.06566072875438454
2025-05-15 13:00:00,0.0,0.06566072875438454
2025-05-15 14:00:00,0.0,0.09080412767580698
2025-05-15 14:00:00,0.0,0.09080412767580698
2025-05-15 14:00:00,0.0,0.09080412767580698
2025-05-15 14:00:00,0.0,0.09080412767580698
2025-05-15 15:00:00,0.0,0.11496444399025398
2025-05-15 15:00:00,0.0,0.11496444399025398
2025-05-15 15:00:00,0.0,0.11496444399025398
2025-05-15 15:00:00,0.0,0.11496444399025398
2025-05-15 16:00:00,0.0,0.1288151880535547
2025-05-15 16:00:00,0.0,0.1288151880535547
2025-05-15 16:00:00,0.0,0.1288151880535547
2025-05-15 16:00:00,0.0,0.1288151880535547
2025-05-15 17:00:00,0.0,0.12687408232203268
2025-05-15 17:00:00,0.0,0.12687408232203268
2025-05-15 17:00:00,0.0,0.12687408232203268
2025-05-15 17:00:00,0.0,0.12687408232203268
2025-05-15 18:00:00,0.0,0.11177742927377149
2025-05-15 18:00:00,0.0,0.11177742927377149
2025-05-15 18:00:00,0.0,0.11177742927377149
2025-05-15 18:00:00,0.0,0.11177742927377149
2025-05-15 19:00:00,0.0,0.09287133922569077
2025-05-15 19:00:00,0.0,0.09287133922569077
2025-05-15 19:00:00,0.0,0.09287133922569077
2025-05-15 19:00:00,0.0,0.09287133922569077
2025-05-15 20:00:00,0.0,0.07954255137705811
2025-05-15 20:00:00,0.0,0.07954255137705811
2025-05-15 20:00:00,0.0,0.07954255137705811
2025-05-15 20:00:00,0.0,0.07954255137705811
2025-05-15 21:00:00,0.0,0.07466210347627418
2025-05-15 21:00:00,0.0,0.07466210347627418
2025-05-15 21:00:00,0.0,0.07466210347627418
2025-05-15 21:00:00,0.0,0.07466210347627418
2025-05-15 22:00:00,0.0,0.07376763171348062
2025-05-15 22:00:00,0.0,0.07376763171348062
2025-05-15 22:00:00,0.0,0.07376763171348062
2025-05-15 22:00:00,0.0,0.07376763171348062
2025-05-15 23:00:00,0.0,0.0705825718698326
2025-05-15 23:00:00,0.0,0.0705825718698326
2025-05-15 23:00:00,0.0,0.0705825718698326
2025-05-15 23:00:00,0.0,0.0705825718698326
2025-05-16 00:00:00,0.0,0.06371220338675061
2025-05-16 00:00:00,0.0,0.06371220338675061
2025-05-16 00:00:00,0.0,0.06371220338675061
2025-05-16 00:00:00,0.0,0.06371220338675061
2025-05-16 01:00:00,0.0,0.05829483628598451
2025-05-16 01:00:00,0.0,0.05829483628598451
2025-05-16 01:00:00,0.0,0.05829483628598451
2025-05-16 01:00:00,0.0,0.05829483628598451
2025-05-16 02:00:00,0.0,0.06109093674395791
2025-05-16 02:00:00,0.0,0.06109093674395791
2025-05-16 02:00:00,0.0,0.06109093674395791
2025-05-16 02:00:00,0.0,0.06109093674395791
2025-05-16 03:00:00,0.0,0.07358039508731672
2025-05-16 03:00:00,0.0,0.07358039508731672
2025-05-16 03:00:00,0.0,0.07358039508731672
2025-05-16 03:00:00,0.0,0.07358039508731672
2025-05-16 04:00:00,0.0,0.08943457590129404
2025-05-16 04:00:00,0.0,0.08943457590129404
2025-05-16 04:00:00,0.0,0.08943457590129404
2025-05-16 04:00:00,0.0,0.08943457590129404
2025-05-16 05:00:00,0.0,0.09866579847762075
2025-05-16 05:00:00,0.0,0.09866579847762075
2025-05-16 05:00:00,0.0,0.09866579847762075
2025-05-16 05:00:00,0.0,0.09866579847762075
2025-05-16 06:00:00,0.0,0.0947736489400081
2025-05-16 06:00:00,0.0,0.0947736489400081
2025-05-16 06:00:00,0.0,0.0947736489400081
2025-05-16 06:00:00,0.0,0.0947736489400081
2025-05-16 07:00:00,0.0,0.07887169635829609
2025-05-16 07:00:00,0.0,0.07887169635829609
2025-05-16 07:00:00,0.0,0.07887169635829609
2025-05-16 07:00:00,0.0,0.07887169635829609
2025-05-16 08:00:00,0.0,0.057962053973465544
2025-05-16 08:00:00,0.0,0.057962053973465544
2025-05-16 08:00:00,0.0,0.057962053973465544
2025-05-16 08:00:00,0.0,0.057962053973465544
2025-05-16 09:00:00,0.0,0.03982660801202167
2025-05-16 09:00:00,0.0,0.03982660801202167
2025-05-16 09:00:00,0.0,0.03982660801202167
2025-05-16 09:00:00,0.0,0.03982660801202167
2025-05-16 10:00:00,0.0,0.02930907869740356
2025-05-16 10:00:00,0.0,0.02930907869740356
2025-05-16 10:00:00,0.0,0.02930907869740356
2025-05-16 10:00:00,0.0,0.02930907869740356
2025-05-16 11:00:00,0.0,0.028286501295617696
2025-05-16 11:00:00,0.0,0.028286501295617696
2025-05-16 11:00:00,0.0,0.028286501295617696
2025-05-16 11:00:00,0.0,0.028286501295617696
2025-05-16 12:00:00,0.0,0.037426204961143066
2025-05-16 12:00:00,0.0,0.037426204961143066
2025-05-16 12:00:00,0.0,0.037426204961143066
2025-05-16 12:00:00,0.0,0.037426204961143066
2025-05-16 13:00:00,0.0,0.05641071415878661
2025-05-16 13:00:00,0.0,0.05641071415878661
2025-05-16 13:00:00,0.0,0.05641071415878661
2025-05-16 13:00:00,0.0,0.05641071415878661
2025-05-16 14:00:00,0.0,0.08196354633101928
2025-05-16 14:00:00,0.0,0.08196354633101928
2025-05-16 14:00:00,0.0,0.08196354633101928
2025-05-16 14:00:00,0.0,0.08196354633101928
2025-05-16 15:00:00,0.0,0.10654332040799314
2025-05-16 15:00:00,0.0,0.10654332040799314
2025-05-16 15:00:00,0.0,0.10654332040799314
2025-05-16 15:00:00,0.0,0.10654332040799314
2025-05-16 16:00:00,0.0,0.1208133426521936
2025-05-16 16:00:00,0.0,0.1208133426521936
2025-05-16 16:00:00,0.0,0.1208133426521936
2025-05-16 16:00:00,0.0,0.1208133426521936
2025-05-16 17:00:00,0.0,0.11928121855381821
2025-05-16 17:00:00,0.0,0.11928121855381821
2025-05-16 17:00:00,0.0,0.11928121855381821
2025-05-16 17:00:00,0.0,0.11928121855381821
2025-05-16 18:00:00,0.0,0.10457337277405468
2025-05-16 18:00:00,0.0,0.10457337277405468
2025-05-16 18:00:00,0.0,0.10457337277405468
2025-05-16 18:00:00,0.0,0.10457337277405468
2025-05-16 19:00:00,0.0,0.08602642607930214
2025-05-16 19:00:00,0.0,0.08602642607930214
2025-05-16 19:00:00,0.0,0.08602642607930214
2025-05-16 19:00:00,0.0,0.08602642607930214
2025-05-16 20:00:00,0.0,0.07301816056828486
2025-05-16 20:00:00,0.0,0.07301816056828486
2025-05-16 20:00:00,0.0,0.07301816056828486
2025-05-16 20:00:00,0.0,0.07301816056828486
2025-05-16 21:00:00,0.0,0.06841132664848568
2025-05-16 21:00:00,0.0,0.06841132664848568
2025-05-16 21:00:00,0.0,0.06841132664848568
2025-05-16 21:00:00,0.0,0.06841132664848568
2025-05-16 22:00:00,0.0,0.06773607150424976
2025-05-16 22:00:00,0.0,0.06773607150424976
2025-05-16 22:00:00,0.0,0.06773607150424976
2025-05-16 22:00:00,0.0,0.06773607150424976
2025-05-16 23:00:00,0.0,0.06470925831852864
2025-05-16 23:00:00,0.0,0.06470925831852864
2025-05-16 23:00:00,0.0,0.06470925831852864
2025-05-16 23:00:00,0.0,0.06470925831852864
2025-05-17 00:00:00,0.0,0.057930616305543414
2025-05-17 00:00:00,0.0,0.057930616305543414
2025-05-17 00:00:00,0.0,0.057930616305543414
2025-05-17 00:00:00,0.0,0.057930616305543414
2025-05-17 01:00:00,0.0,0.05253402001220814
2025-05-17 01:00:00,0.0,0.05253402001220814
2025-05-17 01:00:00,0.0,0.05253402001220814
2025-05-17 01:00:00,0.0,0.05253402001220814
2025-05-17 02:00:00,0.0,0.05527669240371954
2025-05-17 02:00:00,0.0,0.05527669240371954
2025-05-17 02:00:00,0.0,0.05527669240371954
2025-05-17 02:00:00,0.0,0.05527669240371954
2025-05-17 03:00:00,0.0,0.06763653439362824
2025-05-17 03:00:00,0.0,0.06763653439362824
2025-05-17 03:00:00,0.0,0.06763653439362824
2025-05-17 03:00:00,0.0,0.06763653439362824
2025-05-17 04:00:00,0.0,0.08328421962432862
2025-05-17 04:00:00,0.0,0.08328421962432862
2025-05-17 04:00:00,0.0,0.08328421962432862
2025-05-17 04:00:00,0.0,0.08328421962432862
2025-05-17 05:00:00,0.0,0.0922327020324292
2025-05-17 05:00:00,0.0,0.0922327020324292
2025-05-17 05:00:00,0.0,0.0922327020324292
2025-05-17 05:00:00,0.0,0.0922327020324292
2025-05-17 06:00:00,0.0,0.08798353710021853
2025-05-17 06:00:00,0.0,0.08798353710021853
2025-05-17 06:00:00,0.0,0.08798353710021853
2025-05-17 06:00:00,0.0,0.08798353710021853
2025-05-17 07:00:00,0.0,0.07165358887429905
2025-05-17 07:00:00,0.0,0.07165358887429905
2025-05-17 07:00:00,0.0,0.07165358887429905
2025-05-17 07:00:00,0.0,0.07165358887429905
2025-05-17 08:00:00,0.0,0.050249563892849874
2025-05-17 08:00:00,0.0,0.050249563892849874
2025-05-17 08:00:00,0.0,0.050249563892849874
2025-05-17 08:00:00,0.0,0.050249563892849874
2025-05-17 09:00:00,0.0,0.031559194767496274
2025-05-17 09:00:00,0.0,0.031559194767496274
2025-05-17 09:00:00,0.0,0.031559194767496274
2025-05-17 09:00:00,0.0,0.031559194767496274
2025-05-17 10:00:00,0.0,0.02043323848408496
2025-05-17 10:00:00,0.0,0.02043323848408496
2025-05-17 10:00:00,0.0,0.02043323848408496
2025-05-17 10:00:00,0.0,0.02043323848408496
2025-05-17 11:00:00,0.0,0.01875687800777536
2025-05-17 11:00:00,0.0,0.01875687800777536
2025-05-17 11:00:00,0.0,0.01875687800777536
2025-05-17 11:00:00,0.0,0.01875687800777536
2025-05-17 12:00:00,0.0,0.02720660588008062
2025-05-17 12:00:00,0.0,0.02720660588008062
2025-05-17 12:00:00,0.0,0.02720660588008062
2025-05-17 12:00:00,0.0,0.02720660588008062
2025-05-17 13:00:00,0.0,0.04547501572288479
2025-05-17 13:00:00,0.0,0.04547501572288479
2025-05-17 13:00:00,0.0,0.04547501572288479
2025-05-17 13:00:00,0.0,0.04547501572288479
2025-05-17 14:00:00,0.0,0.07029647665977792
2025-05-17 14:00:00,0.0,0.07029647665977792
2025-05-17 14:00:00,0.0,0.07029647665977792
2025-05-17 14:00:00,0.0,0.07029647665977792
2025-05-17 15:00:00,0.0,0.09414110677643102
2025-05-17 15:00:00,0.0,0.09414110677643102
2025-05-17 15:00:00,0.0,0.09414110677643102
2025-05-17 15:00:00,0.0,0.09414110677643102
2025-05-17 16:00:00,0.0,0.10768421377176826
2025-05-17 16:00:00,0.0,0.10768421377176826
2025-05-17 16:00:00,0.0,0.10768421377176826
2025-05-17 16:00:00,0.0,0.10768421377176826
2025-05-17 17:00:00,0.0,0.10544575333722506
2025-05-17 17:00:00,0.0,0.10544575333722506
2025-05-17 17:00:00,0.0,0.10544575333722506
2025-05-17 17:00:00,0.0,0.10544575333722506
2025-05-17 18:00:00,0.0,0.09006468918153865
2025-05-17 18:00:00,0.0,0.09006468918153865
2025-05-17 18:00:00,0.0,0.09006468918153865
2025-05-17 18:00:00,0.0,0.09006468918153865
2025-05-17 19:00:00,0.0,0.07089020567606155
2025-05-17 19:00:00,0.0,0.07089020567606155
2025-05-17 19:00:00,0.0,0.07089020567606155
2025-05-17 19:00:00,0.0,0.07089020567606155
2025-05-17 20:00:00,0.0,0.05731250648446917
2025-05-17 20:00:00,0.0,0.05731250648446917
2025-05-17 20:00:00,0.0,0.05731250648446917
2025-05-17 20:00:00,0.0,0.05731250648446917
2025-05-17 21:00:00,0.0,0.05220645477606571
2025-05-17 21:00:00,0.0,0.05220645477606571
2025-05-17 21:00:00,0.0,0.05220645477606571
2025-05-17 21:00:00,0.0,0.05220645477606571
2025-05-17 22:00:00,0.0,0.05111383689195385
2025-05-17 22:00:00,0.0,0.05111383689195385
2025-05-17 22:00:00,0.0,0.05111383689195385
2025-05-17 22:00:00,0.0,0.05111383689195385
2025-05-17 23:00:00,0.0,0.04776252084658196
2025-05-17 23:00:00,0.0,0.04776252084658196
2025-05-17 23:00:00,0.0,0.04776252084658196
2025-05-17 23:00:00,0.0,0.04776252084658196
2025-05-18 00:00:00,0.0,0.04076245180364882
2025-05-18 00:00:00,0.0,0.04076245180364882
2025-05-18 00:00:00,0.0,0.04076245180364882
2025-05-18 00:00:00,0.0,0.04076245180364882
2025-05-18 01:00:00,0.0,0.03525678499287855
2025-05-18 01:00:00,0.0,0.03525678499287855
2025-05-18 01:00:00,0.0,0.03525678499287855
2025-05-18 01:00:00,0.0,0.03525678499287855
2025-05-18 02:00:00,0.0,0.038010952509275164
2025-05-18 02:00:00,0.0,0.038010952509275164
2025-05-18 02:00:00,0.0,0.038010952509275164
2025-05-18 02:00:00,0.0,0.038010952509275164
2025-05-18 03:00:00,0.0,0.05050986844266542
2025-05-18 03:00:00,0.0,0.05050986844266542
2025-05-18 03:00:00,0.0,0.05050986844266542
2025-05-18 03:00:00,0.0,0.05050986844266542
2025-05-18 04:00:00,0.0,0.06642991281037476
2025-05-18 04:00:00,0.0,0.06642991281037476
2025-05-18 04:00:00,0.0,0.06642991281037476
2025-05-18 04:00:00,0.0,0.06642991281037476
2025-05-18 05:00:00,0.0,0.07578834332657022
2025-05-18 05:00:00,0.0,0.07578834332657022
2025-05-18 05:00:00,0.0,0.07578834332657022
2025-05-18 05:00:00,0.0,0.07578834332657022
2025-05-18 06:00:00,0.0,0.07208953721716564
2025-05-18 06:00:00,0.0,0.07208953721716564
2025-05-18 06:00:00,0.0,0.07208953721716564
2025-05-18 06:00:00,0.0,0.07208953721716564
2025-05-18 07:00:00,0.0,0.056451636273804964
2025-05-18 07:00:00,0.0,0.056451636273804964
2025-05-18 07:00:00,0.0,0.056451636273804964
2025-05-18 07:00:00,0.0,0.056451636273804964
2025-05-18 08:00:00,0.0,0.03588103721021563
2025-05-18 08:00:00,0.0,0.03588103721021563
2025-05-18 08:00:00,0.0,0.03588103721021563
2025-05-18 08:00:00,0.0,0.03588103721021563
2025-05-18 09:00:00,0.0,0.018163550708424764
2025-05-18 09:00:00,0.0,0.018163550708424764
2025-05-18 09:00:00,0.0,0.018163550708424764
2025-05-18 09:00:00,0.0,0.018163550708424764
2025-05-18 10:00:00,0.0,0.008146394702113244
2025-05-18 10:00:00,0.0,0.008146394702113244
2025-05-18 10:00:00,0.0,0.008146394702113244
2025-05-18 10:00:00,0.0,0.008146394702113244
2025-05-18 11:00:00,0.0,0.007709610649336396
2025-05-18 11:00:00,0.0,0.007709610649336396
2025-05-18 11:00:00,0.0,0.007709610649336396
2025-05-18 11:00:00,0.0,0.007709610649336396
2025-05-18 12:00:00,0.0,0.017522981448803078
2025-05-18 12:00:00,0.0,0.017522981448803078
2025-05-18 12:00:00,0.0,0.017522981448803078
2025-05-18 12:00:00,0.0,0.017522981448803078
2025-05-18 13:00:00,0.0,0.0372708766398665
2025-05-18 13:00:00,0.0,0.0372708766398665
2025-05-18 13:00:00,0.0,0.0372708766398665
2025-05-18 13:00:00,0.0,0.0372708766398665
2025-05-18 14:00:00,0.0,0.06367799934470977
2025-05-18 14:00:00,0.0,0.06367799934470977
2025-05-18 14:00:00,0.0,0.06367799934470977
2025-05-18 14:00:00,0.0,0.06367799934470977
2025-05-18 15:00:00,0.0,0.0892034503163884
2025-05-18 15:00:00,0.0,0.0892034503163884
2025-05-18 15:00:00,0.0,0.0892034503163884
2025-05-18 15:00:00,0.0,0.0892034503163884
2025-05-18 16:00:00,0.0,0.10451027627470198
2025-05-18 16:00:00,0.0,0.10451027627470198
2025-05-18 16:00:00,0.0,0.10451027627470198
2025-05-18 16:00:00,0.0,0.10451027627470198
2025-05-18 17:00:00,0.0,0.10410505180741732
2025-05-18 17:00:00,0.0,0.10410505180741732
2025-05-18 17:00:00,0.0,0.10410505180741732
2025-05-18 17:00:00,0.0,0.10410505180741732
2025-05-18 18:00:00,0.0,0.09061237740434785
2025-05-18 18:00:00,0.0,0.09061237740434785
2025-05-18 18:00:00,0.0,0.09061237740434785
2025-05-18 18:00:00,0.0,0.09061237740434785
2025-05-18 19:00:00,0.0,0.0733662429650251
2025-05-18 19:00:00,0.0,0.0733662429650251
2025-05-18 19:00:00,0.0,0.0733662429650251
2025-05-18 19:00:00,0.0,0.0733662429650251
2025-05-18 20:00:00,0.0,0.061740988399965856
2025-05-18 20:00:00,0.0,0.061740988399965856
2025-05-18 20:00:00,0.0,0.061740988399965856
2025-05-18 20:00:00,0.0,0.061740988399965856
2025-05-18 21:00:00,0.0,0.05859511504115313
2025-05-18 21:00:00,0.0,0.05859511504115313
2025-05-18 21:00:00,0.0,0.05859511504115313
2025-05-18 21:00:00,0.0,0.05859511504115313
2025-05-18 22:00:00,0.0,0.05945372766861383
2025-05-18 22:00:00,0.0,0.05945372766861383
2025-05-18 22:00:00,0.0,0.05945372766861383
2025-05-18 22:00:00,0.0,0.05945372766861383
2025-05-18 23:00:00,0.0,0.05802787647249559
2025-05-18 23:00:00,0.0,0.05802787647249559
2025-05-18 23:00:00,0.0,0.05802787647249559
2025-05-18 23:00:00,0.0,0.05802787647249559
2025-05-19 00:00:00,0.0,0.052910738859178685
2025-05-19 00:00:00,0.0,0.052910738859178685
2025-05-19 00:00:00,0.0,0.052910738859178685
2025-05-19 00:00:00,0.0,0.052910738859178685
