x,y,timestamp,subarray
17423388,0.09868,2025-03-19T21:12:29.300600+00:00,0
17423424,0.09437,2025-03-19T21:12:29.300600+00:00,0
17423460,0.0949,2025-03-19T21:12:29.300600+00:00,0
17423496,0.0961,2025-03-19T21:12:29.300600+00:00,0
17423532,0.09968,2025-03-19T21:12:29.300600+00:00,0
17423568,0.10987,2025-03-19T21:12:29.300600+00:00,0
17423604,0.14537,2025-03-19T21:12:29.300600+00:00,0
17423640,0.14621,2025-03-19T21:12:29.300600+00:00,0
17423676,0.10814,2025-03-19T21:12:29.300600+00:00,0
17423712,0.07595,2025-03-19T21:12:29.300600+00:00,0
17423748,0.02587,2025-03-19T21:12:29.300600+00:00,0
17423784,3e-05,2025-03-19T21:12:29.300600+00:00,0
17423820,-0.00064,2025-03-19T21:12:29.300600+00:00,0
17423856,-0.00018,2025-03-19T21:12:29.300600+00:00,0
17423892,0.00111,2025-03-19T21:12:29.300600+00:00,0
17423928,0.05982,2025-03-19T21:12:29.300600+00:00,0
17423964,0.09929,2025-03-19T21:12:29.300600+00:00,0
17424000,0.13697,2025-03-19T21:12:29.300600+00:00,0
17424036,0.22581,2025-03-19T21:12:29.300600+00:00,0
17424072,0.20983,2025-03-19T21:12:29.300600+00:00,0
17424108,0.1644,2025-03-19T21:12:29.300600+00:00,0
17424144,0.12946,2025-03-19T21:12:29.300600+00:00,0
17424180,0.11739,2025-03-19T21:12:29.300600+00:00,0
17424216,0.10644,2025-03-19T21:12:29.300600+00:00,0
17424252,0.10874,2025-03-19T21:12:29.300600+00:00,0
17424288,0.09511,2025-03-19T21:12:29.300600+00:00,0
17424324,0.09369,2025-03-19T21:12:29.300600+00:00,0
17424360,0.093,2025-03-19T21:12:29.300600+00:00,0
17424396,0.09137,2025-03-19T21:12:29.300600+00:00,0
17424432,0.109,2025-03-19T21:12:29.300600+00:00,0
17424468,0.13224,2025-03-19T21:12:29.300600+00:00,0
17424504,0.13515,2025-03-19T21:12:29.300600+00:00,0
17424540,0.09906,2025-03-19T21:12:29.300600+00:00,0
17424576,0.075,2025-03-19T21:12:29.300600+00:00,0
17424612,0.03497,2025-03-19T21:12:29.300600+00:00,0
17424648,0.00342,2025-03-19T21:12:29.300600+00:00,0
17424684,0.00043,2025-03-19T21:12:29.300600+00:00,0
17424720,0.00065,2025-03-19T21:12:29.300600+00:00,0
17424756,0.01456,2025-03-19T21:12:29.300600+00:00,0
17424792,0.06825,2025-03-19T21:12:29.300600+00:00,0
17424828,0.1048,2025-03-19T21:12:29.300600+00:00,0
17424864,0.13813,2025-03-19T21:12:29.300600+00:00,0
17424900,0.24689,2025-03-19T21:12:29.300600+00:00,0
17424936,0.23035,2025-03-19T21:12:29.300600+00:00,0
17424972,0.15339,2025-03-19T21:12:29.300600+00:00,0
17425008,0.12607,2025-03-19T21:12:29.300600+00:00,0
17425044,0.11071,2025-03-19T21:12:29.300600+00:00,0
17425080,0.10664,2025-03-19T21:12:29.300600+00:00,0
17425115.999722224,0.10664,2025-03-19T21:12:29.300600+00:00,0
17423388,0.131,2025-03-19T21:12:29.300600+00:00,1
17423424,0.113,2025-03-19T21:12:29.300600+00:00,1
17423460,0.108,2025-03-19T21:12:29.300600+00:00,1
17423496,0.1,2025-03-19T21:12:29.300600+00:00,1
17423532,0.102,2025-03-19T21:12:29.300600+00:00,1
17423568,0.122,2025-03-19T21:12:29.300600+00:00,1
17423604,0.179,2025-03-19T21:12:29.300600+00:00,1
17423640,0.181,2025-03-19T21:12:29.300600+00:00,1
17423676,0.189,2025-03-19T21:12:29.300600+00:00,1
17423712,0.158,2025-03-19T21:12:29.300600+00:00,1
17423748,0.123,2025-03-19T21:12:29.300600+00:00,1
17423784,0.101,2025-03-19T21:12:29.300600+00:00,1
17423820,0.073,2025-03-19T21:12:29.300600+00:00,1
17423856,0.062,2025-03-19T21:12:29.300600+00:00,1
17423892,0.058,2025-03-19T21:12:29.300600+00:00,1
17423928,0.068,2025-03-19T21:12:29.300600+00:00,1
17423964,0.08,2025-03-19T21:12:29.300600+00:00,1
17424000,0.124,2025-03-19T21:12:29.300600+00:00,1
17424036,0.142,2025-03-19T21:12:29.300600+00:00,1
17424072,0.156,2025-03-19T21:12:29.300600+00:00,1
17424108,0.137,2025-03-19T21:12:29.300600+00:00,1
17424144,0.103,2025-03-19T21:12:29.300600+00:00,1
17424180,0.087,2025-03-19T21:12:29.300600+00:00,1
17424216,0.052,2025-03-19T21:12:29.300600+00:00,1
17424252,0.041,2025-03-19T21:12:29.300600+00:00,1
17424288,0.025,2025-03-19T21:12:29.300600+00:00,1
17424324,0.02,2025-03-19T21:12:29.300600+00:00,1
17424360,0.013,2025-03-19T21:12:29.300600+00:00,1
17424396,0.016,2025-03-19T21:12:29.300600+00:00,1
17424432,0.037,2025-03-19T21:12:29.300600+00:00,1
17424468,0.096,2025-03-19T21:12:29.300600+00:00,1
17424504,0.145,2025-03-19T21:12:29.300600+00:00,1
17424540,0.161,2025-03-19T21:12:29.300600+00:00,1
17424576,0.138,2025-03-19T21:12:29.300600+00:00,1
17424612,0.11,2025-03-19T21:12:29.300600+00:00,1
17424648,0.095,2025-03-19T21:12:29.300600+00:00,1
17424684,0.075,2025-03-19T21:12:29.300600+00:00,1
17424720,0.072,2025-03-19T21:12:29.300600+00:00,1
17424756,0.07,2025-03-19T21:12:29.300600+00:00,1
17424792,0.082,2025-03-19T21:12:29.300600+00:00,1
17424828,0.095,2025-03-19T21:12:29.300600+00:00,1
17424864,0.141,2025-03-19T21:12:29.300600+00:00,1
17424900,0.161,2025-03-19T21:12:29.300600+00:00,1
17424936,0.176,2025-03-19T21:12:29.300600+00:00,1
17424972,0.157,2025-03-19T21:12:29.300600+00:00,1
17425008,0.124,2025-03-19T21:12:29.300600+00:00,1
17425044,0.109,2025-03-19T21:12:29.300600+00:00,1
17425080,0.074,2025-03-19T21:12:29.300600+00:00,1
17425116,0.055,2025-03-19T21:12:29.300600+00:00,1
17425152,0.039,2025-03-19T21:12:29.300600+00:00,1
17425188,0.03,2025-03-19T21:12:29.300600+00:00,1
17425224,0.019,2025-03-19T21:12:29.300600+00:00,1
17425260,0.019,2025-03-19T21:12:29.300600+00:00,1
17425296,0.036,2025-03-19T21:12:29.300600+00:00,1
17425332,0.09,2025-03-19T21:12:29.300600+00:00,1
17425368,0.136,2025-03-19T21:12:29.300600+00:00,1
17425404,0.143,2025-03-19T21:12:29.300600+00:00,1
17425440,0.11,2025-03-19T21:12:29.300600+00:00,1
17425476,0.073,2025-03-19T21:12:29.300600+00:00,1
17425512,0.049,2025-03-19T21:12:29.300600+00:00,1
17425548,0.019,2025-03-19T21:12:29.300600+00:00,1
17425584,0.007,2025-03-19T21:12:29.300600+00:00,1
17425620,0.001,2025-03-19T21:12:29.300600+00:00,1
17425656,0.01,2025-03-19T21:12:29.300600+00:00,1
17425692,0.021,2025-03-19T21:12:29.300600+00:00,1
17425728,0.063,2025-03-19T21:12:29.300600+00:00,1
17425764,0.079,2025-03-19T21:12:29.300600+00:00,1
17425800,0.091,2025-03-19T21:12:29.300600+00:00,1
17425836,0.072,2025-03-19T21:12:29.300600+00:00,1
17425872,0.04,2025-03-19T21:12:29.300600+00:00,1
17425908,0.025,2025-03-19T21:12:29.300600+00:00,1
17425944,-0.009,2025-03-19T21:12:29.300600+00:00,1
17425980,-0.006,2025-03-19T21:12:29.300600+00:00,1
17426016,-0.027,2025-03-19T21:12:29.300600+00:00,1
17426052,-0.034,2025-03-19T21:12:29.300600+00:00,1
17426088,-0.041,2025-03-19T21:12:29.300600+00:00,1
17426124,-0.043,2025-03-19T21:12:29.300600+00:00,1
17426160,-0.037,2025-03-19T21:12:29.300600+00:00,1
17426196,-0.024,2025-03-19T21:12:29.300600+00:00,1
17426232,0,2025-03-19T21:12:29.300600+00:00,1
17426268,0.011,2025-03-19T21:12:29.300600+00:00,1
17426304,0.009,2025-03-19T21:12:29.300600+00:00,1
17426340,-0.007,2025-03-19T21:12:29.300600+00:00,1
17426376,-0.024,2025-03-19T21:12:29.300600+00:00,1
17426412,-0.039,2025-03-19T21:12:29.300600+00:00,1
17426448,-0.058,2025-03-19T21:12:29.300600+00:00,1
17426484,-0.057,2025-03-19T21:12:29.300600+00:00,1
17426520,-0.045,2025-03-19T21:12:29.300600+00:00,1
17426556,-0.017,2025-03-19T21:12:29.300600+00:00,1
17426592,0.03,2025-03-19T21:12:29.300600+00:00,1
17426628,0.069,2025-03-19T21:12:29.300600+00:00,1
17426664,0.082,2025-03-19T21:12:29.300600+00:00,1
17426700,0.072,2025-03-19T21:12:29.300600+00:00,1
17426736,0.053,2025-03-19T21:12:29.300600+00:00,1
17426772,0.045,2025-03-19T21:12:29.300600+00:00,1
17426808,0.025,2025-03-19T21:12:29.300600+00:00,1
17426844,0.001,2025-03-19T21:12:29.300600+00:00,1
17426880,-0.02,2025-03-19T21:12:29.300600+00:00,1
17426916,-0.03,2025-03-19T21:12:29.300600+00:00,1
17426952,-0.04,2025-03-19T21:12:29.300600+00:00,1
17426988,-0.045,2025-03-19T21:12:29.300600+00:00,1
17427024,-0.043,2025-03-19T21:12:29.300600+00:00,1
17427060,-0.033,2025-03-19T21:12:29.300600+00:00,1
17427096,-0.012,2025-03-19T21:12:29.300600+00:00,1
17427132,-0.008,2025-03-19T21:12:29.300600+00:00,1
17427168,-0.016,2025-03-19T21:12:29.300600+00:00,1
17427204,-0.039,2025-03-19T21:12:29.300600+00:00,1
17427240,-0.062,2025-03-19T21:12:29.300600+00:00,1
17427276,-0.085,2025-03-19T21:12:29.300600+00:00,1
17427312,-0.11,2025-03-19T21:12:29.300600+00:00,1
17427348,-0.104,2025-03-19T21:12:29.300600+00:00,1
17427384,-0.088,2025-03-19T21:12:29.300600+00:00,1
17427420,-0.055,2025-03-19T21:12:29.300600+00:00,1
17427456,-0.003,2025-03-19T21:12:29.300600+00:00,1
17427492,0.04,2025-03-19T21:12:29.300600+00:00,1
17427528,0.058,2025-03-19T21:12:29.300600+00:00,1
17427564,0.057,2025-03-19T21:12:29.300600+00:00,1
17427600,0.045,2025-03-19T21:12:29.300600+00:00,1
17427636,0.046,2025-03-19T21:12:29.300600+00:00,1
17427672,0.034,2025-03-19T21:12:29.300600+00:00,1
17427708,0.042,2025-03-19T21:12:29.300600+00:00,1
17427744,0.034,2025-03-19T21:12:29.300600+00:00,1
17427780,0.028,2025-03-19T21:12:29.300600+00:00,1
17427816,0.02,2025-03-19T21:12:29.300600+00:00,1
17427852,0.023,2025-03-19T21:12:29.300600+00:00,1
17427888,0.043,2025-03-19T21:12:29.300600+00:00,1
17427924,0.1,2025-03-19T21:12:29.300600+00:00,1
17427960,0.149,2025-03-19T21:12:29.300600+00:00,1
17427996,0.162,2025-03-19T21:12:29.300600+00:00,1
17428032,0.135,2025-03-19T21:12:29.300600+00:00,1
17428068,0.105,2025-03-19T21:12:29.300600+00:00,1
17428104,0.087,2025-03-19T21:12:29.300600+00:00,1
17428140,0.064,2025-03-19T21:12:29.300600+00:00,1
17428176,0.057,2025-03-19T21:12:29.300600+00:00,1
17428212,0.051,2025-03-19T21:12:29.300600+00:00,1
17428248,0.059,2025-03-19T21:12:29.300600+00:00,1
17428284,0.069,2025-03-19T21:12:29.300600+00:00,1
17428320,0.111,2025-03-19T21:12:29.300600+00:00,1
17428356,0.127,2025-03-19T21:12:29.300600+00:00,1
17428392,0.139,2025-03-19T21:12:29.300600+00:00,1
17428428,0.124,2025-03-19T21:12:29.300600+00:00,1
17428464,0.094,2025-03-19T21:12:29.300600+00:00,1
17428500,0.083,2025-03-19T21:12:29.300600+00:00,1
17428536,0.052,2025-03-19T21:12:29.300600+00:00,1
17428572,0.058,2025-03-19T21:12:29.300600+00:00,1
17428608,0.046,2025-03-19T21:12:29.300600+00:00,1
17428644,0.038,2025-03-19T21:12:29.300600+00:00,1
17428680,0.028,2025-03-19T21:12:29.300600+00:00,1
17428716,0.028,2025-03-19T21:12:29.300600+00:00,1
17428752,0.046,2025-03-19T21:12:29.300600+00:00,1
17428788,0.102,2025-03-19T21:12:29.300600+00:00,1
17428824,0.148,2025-03-19T21:12:29.300600+00:00,1
17428860,0.16,2025-03-19T21:12:29.300600+00:00,1
17428896,0.133,2025-03-19T21:12:29.300600+00:00,1
17428932,0.101,2025-03-19T21:12:29.300600+00:00,1
17428968,0.083,2025-03-19T21:12:29.300600+00:00,1
17429004,0.059,2025-03-19T21:12:29.300600+00:00,1
17429040,0.051,2025-03-19T21:12:29.300600+00:00,1
17429076,0.047,2025-03-19T21:12:29.300600+00:00,1
17429112,0.057,2025-03-19T21:12:29.300600+00:00,1
17429148,0.07,2025-03-19T21:12:29.300600+00:00,1
17429184,0.113,2025-03-19T21:12:29.300600+00:00,1
17429220,0.131,2025-03-19T21:12:29.300600+00:00,1
17429256,0.145,2025-03-19T21:12:29.300600+00:00,1
17429292,0.129,2025-03-19T21:12:29.300600+00:00,1
17429328,0.1,2025-03-19T21:12:29.300600+00:00,1
17429364,0.088,2025-03-19T21:12:29.300600+00:00,1
17429400,0.056,2025-03-19T21:12:29.300600+00:00,1
17429436,0.05,2025-03-19T21:12:29.300600+00:00,1
17429472,0.037,2025-03-19T21:12:29.300600+00:00,1
17429508,0.032,2025-03-19T21:12:29.300600+00:00,1
17429544,0.023,2025-03-19T21:12:29.300600+00:00,1
17429580,0.026,2025-03-19T21:12:29.300600+00:00,1
17429616,0.046,2025-03-19T21:12:29.300600+00:00,1
17429652,0.103,2025-03-19T21:12:29.300600+00:00,1
17429688,0.151,2025-03-19T21:12:29.300600+00:00,1
17429724,0.162,2025-03-19T21:12:29.300600+00:00,1
17429760,0.133,2025-03-19T21:12:29.300600+00:00,1
17429796,0.1,2025-03-19T21:12:29.300600+00:00,1
17429832,0.08,2025-03-19T21:12:29.300600+00:00,1
17429868,0.054,2025-03-19T21:12:29.300600+00:00,1
17429904,0.046,2025-03-19T21:12:29.300600+00:00,1
17429940,0.04,2025-03-19T21:12:29.300600+00:00,1
17429976,0.049,2025-03-19T21:12:29.300600+00:00,1
17430012,0.06,2025-03-19T21:12:29.300600+00:00,1
17430048,0.102,2025-03-19T21:12:29.300600+00:00,1
17430084,0.119,2025-03-19T21:12:29.300600+00:00,1
17430120,0.131,2025-03-19T21:12:29.300600+00:00,1
17430156,0.116,2025-03-19T21:12:29.300600+00:00,1
17430192,0.087,2025-03-19T21:12:29.300600+00:00,1
17430228,0.076,2025-03-19T21:12:29.300600+00:00,1
17423388,0.131,2025-03-19T21:12:29.300600+00:00,2
17423424,0.113,2025-03-19T21:12:29.300600+00:00,2
17423460,0.108,2025-03-19T21:12:29.300600+00:00,2
17423496,0.1,2025-03-19T21:12:29.300600+00:00,2
17423532,0.102,2025-03-19T21:12:29.300600+00:00,2
17423568,0.122,2025-03-19T21:12:29.300600+00:00,2
17423604,0.179,2025-03-19T21:12:29.300600+00:00,2
17423640,0.186,2025-03-19T21:12:29.300600+00:00,2
17423676,0.2,2025-03-19T21:12:29.300600+00:00,2
17423712,0.173,2025-03-19T21:12:29.300600+00:00,2
17423748,0.144,2025-03-19T21:12:29.300600+00:00,2
17423784,0.126,2025-03-19T21:12:29.300600+00:00,2
17423820,0.104,2025-03-19T21:12:29.300600+00:00,2
17423856,0.098,2025-03-19T21:12:29.300600+00:00,2
17423892,0.093,2025-03-19T21:12:29.300600+00:00,2
17423928,0.102,2025-03-19T21:12:29.300600+00:00,2
17423964,0.113,2025-03-19T21:12:29.300600+00:00,2
17424000,0.155,2025-03-19T21:12:29.300600+00:00,2
17424036,0.172,2025-03-19T21:12:29.300600+00:00,2
17424072,0.185,2025-03-19T21:12:29.300600+00:00,2
17424108,0.164,2025-03-19T21:12:29.300600+00:00,2
17424144,0.129,2025-03-19T21:12:29.300600+00:00,2
17424180,0.112,2025-03-19T21:12:29.300600+00:00,2
17424216,0.076,2025-03-19T21:12:29.300600+00:00,2
17424252,0.064,2025-03-19T21:12:29.300600+00:00,2
17424288,0.046,2025-03-19T21:12:29.300600+00:00,2
17424324,0.041,2025-03-19T21:12:29.300600+00:00,2
17424360,0.032,2025-03-19T21:12:29.300600+00:00,2
17424396,0.035,2025-03-19T21:12:29.300600+00:00,2
17424432,0.055,2025-03-19T21:12:29.300600+00:00,2
17424468,0.112,2025-03-19T21:12:29.300600+00:00,2
17424504,0.16,2025-03-19T21:12:29.300600+00:00,2
17424540,0.177,2025-03-19T21:12:29.300600+00:00,2
17424576,0.154,2025-03-19T21:12:29.300600+00:00,2
17424612,0.127,2025-03-19T21:12:29.300600+00:00,2
17424648,0.113,2025-03-19T21:12:29.300600+00:00,2
17424684,0.093,2025-03-19T21:12:29.300600+00:00,2
17424720,0.09,2025-03-19T21:12:29.300600+00:00,2
17424756,0.087,2025-03-19T21:12:29.300600+00:00,2
17424792,0.098,2025-03-19T21:12:29.300600+00:00,2
17424828,0.111,2025-03-19T21:12:29.300600+00:00,2
17424864,0.156,2025-03-19T21:12:29.300600+00:00,2
17424900,0.175,2025-03-19T21:12:29.300600+00:00,2
17424936,0.19,2025-03-19T21:12:29.300600+00:00,2
17424972,0.17,2025-03-19T21:12:29.300600+00:00,2
17425008,0.137,2025-03-19T21:12:29.300600+00:00,2
17425044,0.121,2025-03-19T21:12:29.300600+00:00,2
17425080,0.086,2025-03-19T21:12:29.300600+00:00,2
17425116,0.066,2025-03-19T21:12:29.300600+00:00,2
17425152,0.05,2025-03-19T21:12:29.300600+00:00,2
17425188,0.042,2025-03-19T21:12:29.300600+00:00,2
17425224,0.032,2025-03-19T21:12:29.300600+00:00,2
17425260,0.033,2025-03-19T21:12:29.300600+00:00,2
17425296,0.051,2025-03-19T21:12:29.300600+00:00,2
17425332,0.106,2025-03-19T21:12:29.300600+00:00,2
17425368,0.153,2025-03-19T21:12:29.300600+00:00,2
17425404,0.161,2025-03-19T21:12:29.300600+00:00,2
17425440,0.129,2025-03-19T21:12:29.300600+00:00,2
17425476,0.094,2025-03-19T21:12:29.300600+00:00,2
17425512,0.071,2025-03-19T21:12:29.300600+00:00,2
17425548,0.043,2025-03-19T21:12:29.300600+00:00,2
17425584,0.032,2025-03-19T21:12:29.300600+00:00,2
17425620,0.025,2025-03-19T21:12:29.300600+00:00,2
17425656,0.033,2025-03-19T21:12:29.300600+00:00,2
17425692,0.042,2025-03-19T21:12:29.300600+00:00,2
17425728,0.083,2025-03-19T21:12:29.300600+00:00,2
17425764,0.099,2025-03-19T21:12:29.300600+00:00,2
17425800,0.11,2025-03-19T21:12:29.300600+00:00,2
17425836,0.094,2025-03-19T21:12:29.300600+00:00,2
17425872,0.065,2025-03-19T21:12:29.300600+00:00,2
17425908,0.053,2025-03-19T21:12:29.300600+00:00,2
17425944,0.022,2025-03-19T21:12:29.300600+00:00,2
17425980,0.028,2025-03-19T21:12:29.300600+00:00,2
17426016,0.009,2025-03-19T21:12:29.300600+00:00,2
17426052,0.004,2025-03-19T21:12:29.300600+00:00,2
17426088,-0.002,2025-03-19T21:12:29.300600+00:00,2
17426124,-0.002,2025-03-19T21:12:29.300600+00:00,2
17426160,0.004,2025-03-19T21:12:29.300600+00:00,2
17426196,0.019,2025-03-19T21:12:29.300600+00:00,2
17426232,0.044,2025-03-19T21:12:29.300600+00:00,2
17426268,0.054,2025-03-19T21:12:29.300600+00:00,2
17426304,0.052,2025-03-19T21:12:29.300600+00:00,2
17426340,0.034,2025-03-19T21:12:29.300600+00:00,2
17426376,0.017,2025-03-19T21:12:29.300600+00:00,2
17426412,0,2025-03-19T21:12:29.300600+00:00,2
17426448,-0.019,2025-03-19T21:12:29.300600+00:00,2
17426484,-0.019,2025-03-19T21:12:29.300600+00:00,2
17426520,-0.008,2025-03-19T21:12:29.300600+00:00,2
17426556,0.019,2025-03-19T21:12:29.300600+00:00,2
17426592,0.066,2025-03-19T21:12:29.300600+00:00,2
17426628,0.104,2025-03-19T21:12:29.300600+00:00,2
17426664,0.116,2025-03-19T21:12:29.300600+00:00,2
17426700,0.109,2025-03-19T21:12:29.300600+00:00,2
17426736,0.092,2025-03-19T21:12:29.300600+00:00,2
17426772,0.087,2025-03-19T21:12:29.300600+00:00,2
17426808,0.068,2025-03-19T21:12:29.300600+00:00,2
17426844,0.047,2025-03-19T21:12:29.300600+00:00,2
17426880,0.028,2025-03-19T21:12:29.300600+00:00,2
17426916,0.019,2025-03-19T21:12:29.300600+00:00,2
17426952,0.01,2025-03-19T21:12:29.300600+00:00,2
17426988,0.007,2025-03-19T21:12:29.300600+00:00,2
17427024,0.01,2025-03-19T21:12:29.300600+00:00,2
17427060,0.022,2025-03-19T21:12:29.300600+00:00,2
17427096,0.044,2025-03-19T21:12:29.300600+00:00,2
17427132,0.047,2025-03-19T21:12:29.300600+00:00,2
17427168,0.037,2025-03-19T21:12:29.300600+00:00,2
17427204,0.012,2025-03-19T21:12:29.300600+00:00,2
17427240,-0.013,2025-03-19T21:12:29.300600+00:00,2
17427276,-0.037,2025-03-19T21:12:29.300600+00:00,2
17427312,-0.064,2025-03-19T21:12:29.300600+00:00,2
17427348,-0.059,2025-03-19T21:12:29.300600+00:00,2
17427384,-0.044,2025-03-19T21:12:29.300600+00:00,2
17427420,-0.012,2025-03-19T21:12:29.300600+00:00,2
17427456,0.038,2025-03-19T21:12:29.300600+00:00,2
17427492,0.081,2025-03-19T21:12:29.300600+00:00,2
17427528,0.097,2025-03-19T21:12:29.300600+00:00,2
17427564,0.095,2025-03-19T21:12:29.300600+00:00,2
17427600,0.083,2025-03-19T21:12:29.300600+00:00,2
17427636,0.083,2025-03-19T21:12:29.300600+00:00,2
17427672,0.07,2025-03-19T21:12:29.300600+00:00,2
17427708,0.077,2025-03-19T21:12:29.300600+00:00,2
17427744,0.068,2025-03-19T21:12:29.300600+00:00,2
17427780,0.062,2025-03-19T21:12:29.300600+00:00,2
17427816,0.053,2025-03-19T21:12:29.300600+00:00,2
17427852,0.055,2025-03-19T21:12:29.300600+00:00,2
17427888,0.075,2025-03-19T21:12:29.300600+00:00,2
17427924,0.131,2025-03-19T21:12:29.300600+00:00,2
17427960,0.18,2025-03-19T21:12:29.300600+00:00,2
17427996,0.193,2025-03-19T21:12:29.300600+00:00,2
17428032,0.166,2025-03-19T21:12:29.300600+00:00,2
17428068,0.136,2025-03-19T21:12:29.300600+00:00,2
17428104,0.118,2025-03-19T21:12:29.300600+00:00,2
17428140,0.095,2025-03-19T21:12:29.300600+00:00,2
17428176,0.089,2025-03-19T21:12:29.300600+00:00,2
17428212,0.083,2025-03-19T21:12:29.300600+00:00,2
17428248,0.092,2025-03-19T21:12:29.300600+00:00,2
17428284,0.103,2025-03-19T21:12:29.300600+00:00,2
17428320,0.146,2025-03-19T21:12:29.300600+00:00,2
17428356,0.163,2025-03-19T21:12:29.300600+00:00,2
17428392,0.175,2025-03-19T21:12:29.300600+00:00,2
17428428,0.158,2025-03-19T21:12:29.300600+00:00,2
17428464,0.127,2025-03-19T21:12:29.300600+00:00,2
17428500,0.113,2025-03-19T21:12:29.300600+00:00,2
17428536,0.081,2025-03-19T21:12:29.300600+00:00,2
17428572,0.085,2025-03-19T21:12:29.300600+00:00,2
17428608,0.071,2025-03-19T21:12:29.300600+00:00,2
17428644,0.065,2025-03-19T21:12:29.300600+00:00,2
17428680,0.058,2025-03-19T21:12:29.300600+00:00,2
17428716,0.06,2025-03-19T21:12:29.300600+00:00,2
17428752,0.081,2025-03-19T21:12:29.300600+00:00,2
17428788,0.138,2025-03-19T21:12:29.300600+00:00,2
17428824,0.187,2025-03-19T21:12:29.300600+00:00,2
17428860,0.201,2025-03-19T21:12:29.300600+00:00,2
17428896,0.174,2025-03-19T21:12:29.300600+00:00,2
17428932,0.145,2025-03-19T21:12:29.300600+00:00,2
17428968,0.127,2025-03-19T21:12:29.300600+00:00,2
17429004,0.105,2025-03-19T21:12:29.300600+00:00,2
17429040,0.099,2025-03-19T21:12:29.300600+00:00,2
17429076,0.093,2025-03-19T21:12:29.300600+00:00,2
17429112,0.102,2025-03-19T21:12:29.300600+00:00,2
17429148,0.113,2025-03-19T21:12:29.300600+00:00,2
17429184,0.155,2025-03-19T21:12:29.300600+00:00,2
17429220,0.172,2025-03-19T21:12:29.300600+00:00,2
17429256,0.184,2025-03-19T21:12:29.300600+00:00,2
17429292,0.169,2025-03-19T21:12:29.300600+00:00,2
17429328,0.139,2025-03-19T21:12:29.300600+00:00,2
17429364,0.127,2025-03-19T21:12:29.300600+00:00,2
17429400,0.096,2025-03-19T21:12:29.300600+00:00,2
17429436,0.09,2025-03-19T21:12:29.300600+00:00,2
17429472,0.077,2025-03-19T21:12:29.300600+00:00,2
17429508,0.071,2025-03-19T21:12:29.300600+00:00,2
17429544,0.063,2025-03-19T21:12:29.300600+00:00,2
17429580,0.066,2025-03-19T21:12:29.300600+00:00,2
17429616,0.086,2025-03-19T21:12:29.300600+00:00,2
17429652,0.143,2025-03-19T21:12:29.300600+00:00,2
17429688,0.192,2025-03-19T21:12:29.300600+00:00,2
17429724,0.202,2025-03-19T21:12:29.300600+00:00,2
17429760,0.172,2025-03-19T21:12:29.300600+00:00,2
17429796,0.139,2025-03-19T21:12:29.300600+00:00,2
17429832,0.118,2025-03-19T21:12:29.300600+00:00,2
17429868,0.092,2025-03-19T21:12:29.300600+00:00,2
17429904,0.082,2025-03-19T21:12:29.300600+00:00,2
17429940,0.078,2025-03-19T21:12:29.300600+00:00,2
17429976,0.088,2025-03-19T21:12:29.300600+00:00,2
17430012,0.101,2025-03-19T21:12:29.300600+00:00,2
17430048,0.145,2025-03-19T21:12:29.300600+00:00,2
17430084,0.163,2025-03-19T21:12:29.300600+00:00,2
17430120,0.177,2025-03-19T21:12:29.300600+00:00,2
17430156,0.163,2025-03-19T21:12:29.300600+00:00,2
17430192,0.135,2025-03-19T21:12:29.300600+00:00,2
17430228,0.125,2025-03-19T21:12:29.300600+00:00,2
17423388,0.131,2025-03-19T21:12:29.300600+00:00,3
17423424,0.113,2025-03-19T21:12:29.300600+00:00,3
17423460,0.108,2025-03-19T21:12:29.300600+00:00,3
17423496,0.1,2025-03-19T21:12:29.300600+00:00,3
17423532,0.102,2025-03-19T21:12:29.300600+00:00,3
17423568,0.122,2025-03-19T21:12:29.300600+00:00,3
17423604,0.179,2025-03-19T21:12:29.300600+00:00,3
17423640,0.168,2025-03-19T21:12:29.300600+00:00,3
17423676,0.175,2025-03-19T21:12:29.300600+00:00,3
17423712,0.143,2025-03-19T21:12:29.300600+00:00,3
17423748,0.107,2025-03-19T21:12:29.300600+00:00,3
17423784,0.083,2025-03-19T21:12:29.300600+00:00,3
17423820,0.054,2025-03-19T21:12:29.300600+00:00,3
17423856,0.043,2025-03-19T21:12:29.300600+00:00,3
17423892,0.039,2025-03-19T21:12:29.300600+00:00,3
17423928,0.049,2025-03-19T21:12:29.300600+00:00,3
17423964,0.061,2025-03-19T21:12:29.300600+00:00,3
17424000,0.105,2025-03-19T21:12:29.300600+00:00,3
17424036,0.124,2025-03-19T21:12:29.300600+00:00,3
17424072,0.138,2025-03-19T21:12:29.300600+00:00,3
17424108,0.118,2025-03-19T21:12:29.300600+00:00,3
17424144,0.083,2025-03-19T21:12:29.300600+00:00,3
17424180,0.067,2025-03-19T21:12:29.300600+00:00,3
17424216,0.031,2025-03-19T21:12:29.300600+00:00,3
17424252,0.019,2025-03-19T21:12:29.300600+00:00,3
17424288,0.002,2025-03-19T21:12:29.300600+00:00,3
17424324,-0.003,2025-03-19T21:12:29.300600+00:00,3
17424360,-0.01,2025-03-19T21:12:29.300600+00:00,3
17424396,-0.007,2025-03-19T21:12:29.300600+00:00,3
17424432,0.014,2025-03-19T21:12:29.300600+00:00,3
17424468,0.073,2025-03-19T21:12:29.300600+00:00,3
17424504,0.122,2025-03-19T21:12:29.300600+00:00,3
17424540,0.14,2025-03-19T21:12:29.300600+00:00,3
17424576,0.117,2025-03-19T21:12:29.300600+00:00,3
17424612,0.091,2025-03-19T21:12:29.300600+00:00,3
17424648,0.078,2025-03-19T21:12:29.300600+00:00,3
17424684,0.059,2025-03-19T21:12:29.300600+00:00,3
17424720,0.057,2025-03-19T21:12:29.300600+00:00,3
17424756,0.055,2025-03-19T21:12:29.300600+00:00,3
17424792,0.068,2025-03-19T21:12:29.300600+00:00,3
17424828,0.083,2025-03-19T21:12:29.300600+00:00,3
17424864,0.13,2025-03-19T21:12:29.300600+00:00,3
17424900,0.151,2025-03-19T21:12:29.300600+00:00,3
17424936,0.167,2025-03-19T21:12:29.300600+00:00,3
17424972,0.146,2025-03-19T21:12:29.300600+00:00,3
17425008,0.11,2025-03-19T21:12:29.300600+00:00,3
17425044,0.093,2025-03-19T21:12:29.300600+00:00,3
17425080,0.056,2025-03-19T21:12:29.300600+00:00,3
17425116,0.035,2025-03-19T21:12:29.300600+00:00,3
17425152,0.017,2025-03-19T21:12:29.300600+00:00,3
17425188,0.009,2025-03-19T21:12:29.300600+00:00,3
17425224,-0.001,2025-03-19T21:12:29.300600+00:00,3
17425260,-0.001,2025-03-19T21:12:29.300600+00:00,3
17425296,0.017,2025-03-19T21:12:29.300600+00:00,3
17425332,0.072,2025-03-19T21:12:29.300600+00:00,3
17425368,0.119,2025-03-19T21:12:29.300600+00:00,3
17425404,0.124,2025-03-19T21:12:29.300600+00:00,3
17425440,0.089,2025-03-19T21:12:29.300600+00:00,3
17425476,0.051,2025-03-19T21:12:29.300600+00:00,3
17425512,0.025,2025-03-19T21:12:29.300600+00:00,3
17425548,-0.005,2025-03-19T21:12:29.300600+00:00,3
17425584,-0.02,2025-03-19T21:12:29.300600+00:00,3
17425620,-0.025,2025-03-19T21:12:29.300600+00:00,3
17425656,-0.016,2025-03-19T21:12:29.300600+00:00,3
17425692,-0.005,2025-03-19T21:12:29.300600+00:00,3
17425728,0.038,2025-03-19T21:12:29.300600+00:00,3
17425764,0.055,2025-03-19T21:12:29.300600+00:00,3
17425800,0.068,2025-03-19T21:12:29.300600+00:00,3
17425836,0.048,2025-03-19T21:12:29.300600+00:00,3
17425872,0.014,2025-03-19T21:12:29.300600+00:00,3
17425908,-0.002,2025-03-19T21:12:29.300600+00:00,3
17425944,-0.037,2025-03-19T21:12:29.300600+00:00,3
17425980,-0.035,2025-03-19T21:12:29.300600+00:00,3
17426016,-0.058,2025-03-19T21:12:29.300600+00:00,3
17426052,-0.067,2025-03-19T21:12:29.300600+00:00,3
17426088,-0.076,2025-03-19T21:12:29.300600+00:00,3
17426124,-0.079,2025-03-19T21:12:29.300600+00:00,3
17426160,-0.076,2025-03-19T21:12:29.300600+00:00,3
17426196,-0.065,2025-03-19T21:12:29.300600+00:00,3
17426232,-0.043,2025-03-19T21:12:29.300600+00:00,3
17426268,-0.032,2025-03-19T21:12:29.300600+00:00,3
17426304,-0.035,2025-03-19T21:12:29.300600+00:00,3
17426340,-0.052,2025-03-19T21:12:29.300600+00:00,3
17426376,-0.069,2025-03-19T21:12:29.300600+00:00,3
17426412,-0.085,2025-03-19T21:12:29.300600+00:00,3
17426448,-0.104,2025-03-19T21:12:29.300600+00:00,3
17426484,-0.106,2025-03-19T21:12:29.300600+00:00,3
17426520,-0.097,2025-03-19T21:12:29.300600+00:00,3
17426556,-0.071,2025-03-19T21:12:29.300600+00:00,3
17426592,-0.027,2025-03-19T21:12:29.300600+00:00,3
17426628,0.009,2025-03-19T21:12:29.300600+00:00,3
17426664,0.019,2025-03-19T21:12:29.300600+00:00,3
17426700,0.011,2025-03-19T21:12:29.300600+00:00,3
17426736,-0.008,2025-03-19T21:12:29.300600+00:00,3
17426772,-0.014,2025-03-19T21:12:29.300600+00:00,3
17426808,-0.034,2025-03-19T21:12:29.300600+00:00,3
17426844,-0.056,2025-03-19T21:12:29.300600+00:00,3
17426880,-0.077,2025-03-19T21:12:29.300600+00:00,3
17426916,-0.086,2025-03-19T21:12:29.300600+00:00,3
17426952,-0.095,2025-03-19T21:12:29.300600+00:00,3
17426988,-0.099,2025-03-19T21:12:29.300600+00:00,3
17427024,-0.096,2025-03-19T21:12:29.300600+00:00,3
17427060,-0.084,2025-03-19T21:12:29.300600+00:00,3
17427096,-0.063,2025-03-19T21:12:29.300600+00:00,3
17427132,-0.056,2025-03-19T21:12:29.300600+00:00,3
17427168,-0.062,2025-03-19T21:12:29.300600+00:00,3
17427204,-0.083,2025-03-19T21:12:29.300600+00:00,3
17427240,-0.104,2025-03-19T21:12:29.300600+00:00,3
17427276,-0.124,2025-03-19T21:12:29.300600+00:00,3
17427312,-0.148,2025-03-19T21:12:29.300600+00:00,3
17427348,-0.142,2025-03-19T21:12:29.300600+00:00,3
17427384,-0.125,2025-03-19T21:12:29.300600+00:00,3
17427420,-0.092,2025-03-19T21:12:29.300600+00:00,3
17427456,-0.039,2025-03-19T21:12:29.300600+00:00,3
17427492,0.005,2025-03-19T21:12:29.300600+00:00,3
17427528,0.023,2025-03-19T21:12:29.300600+00:00,3
17427564,0.02,2025-03-19T21:12:29.300600+00:00,3
17427600,0.007,2025-03-19T21:12:29.300600+00:00,3
17427636,0.006,2025-03-19T21:12:29.300600+00:00,3
17427672,-0.008,2025-03-19T21:12:29.300600+00:00,3
17427708,-0.001,2025-03-19T21:12:29.300600+00:00,3
17427744,-0.01,2025-03-19T21:12:29.300600+00:00,3
17427780,-0.015,2025-03-19T21:12:29.300600+00:00,3
17427816,-0.022,2025-03-19T21:12:29.300600+00:00,3
17427852,-0.019,2025-03-19T21:12:29.300600+00:00,3
17427888,0.002,2025-03-19T21:12:29.300600+00:00,3
17427924,0.06,2025-03-19T21:12:29.300600+00:00,3
17427960,0.11,2025-03-19T21:12:29.300600+00:00,3
17427996,0.117,2025-03-19T21:12:29.300600+00:00,3
17428032,0.084,2025-03-19T21:12:29.300600+00:00,3
17428068,0.048,2025-03-19T21:12:29.300600+00:00,3
17428104,0.025,2025-03-19T21:12:29.300600+00:00,3
17428140,-0.004,2025-03-19T21:12:29.300600+00:00,3
17428176,-0.015,2025-03-19T21:12:29.300600+00:00,3
17428212,-0.02,2025-03-19T21:12:29.300600+00:00,3
17428248,-0.011,2025-03-19T21:12:29.300600+00:00,3
17428284,0.001,2025-03-19T21:12:29.300600+00:00,3
17428320,0.044,2025-03-19T21:12:29.300600+00:00,3
17428356,0.061,2025-03-19T21:12:29.300600+00:00,3
17428392,0.074,2025-03-19T21:12:29.300600+00:00,3
17428428,0.055,2025-03-19T21:12:29.300600+00:00,3
17428464,0.022,2025-03-19T21:12:29.300600+00:00,3
17428500,0.007,2025-03-19T21:12:29.300600+00:00,3
17428536,-0.028,2025-03-19T21:12:29.300600+00:00,3
17428572,-0.026,2025-03-19T21:12:29.300600+00:00,3
17428608,-0.042,2025-03-19T21:12:29.300600+00:00,3
17428644,-0.045,2025-03-19T21:12:29.300600+00:00,3
17428680,-0.051,2025-03-19T21:12:29.300600+00:00,3
17428716,-0.047,2025-03-19T21:12:29.300600+00:00,3
17428752,-0.024,2025-03-19T21:12:29.300600+00:00,3
17428788,0.035,2025-03-19T21:12:29.300600+00:00,3
17428824,0.086,2025-03-19T21:12:29.300600+00:00,3
17428860,0.099,2025-03-19T21:12:29.300600+00:00,3
17428896,0.073,2025-03-19T21:12:29.300600+00:00,3
17428932,0.043,2025-03-19T21:12:29.300600+00:00,3
17428968,0.026,2025-03-19T21:12:29.300600+00:00,3
17429004,0.004,2025-03-19T21:12:29.300600+00:00,3
17429040,-0.002,2025-03-19T21:12:29.300600+00:00,3
17429076,-0.008,2025-03-19T21:12:29.300600+00:00,3
17429112,0,2025-03-19T21:12:29.300600+00:00,3
17429148,0.01,2025-03-19T21:12:29.300600+00:00,3
17429184,0.052,2025-03-19T21:12:29.300600+00:00,3
17429220,0.069,2025-03-19T21:12:29.300600+00:00,3
17429256,0.081,2025-03-19T21:12:29.300600+00:00,3
17429292,0.066,2025-03-19T21:12:29.300600+00:00,3
17429328,0.037,2025-03-19T21:12:29.300600+00:00,3
17429364,0.026,2025-03-19T21:12:29.300600+00:00,3
17429400,-0.005,2025-03-19T21:12:29.300600+00:00,3
17429436,-0.011,2025-03-19T21:12:29.300600+00:00,3
17429472,-0.023,2025-03-19T21:12:29.300600+00:00,3
17429508,-0.029,2025-03-19T21:12:29.300600+00:00,3
17429544,-0.038,2025-03-19T21:12:29.300600+00:00,3
17429580,-0.036,2025-03-19T21:12:29.300600+00:00,3
17429616,-0.016,2025-03-19T21:12:29.300600+00:00,3
17429652,0.041,2025-03-19T21:12:29.300600+00:00,3
17429688,0.089,2025-03-19T21:12:29.300600+00:00,3
17429724,0.098,2025-03-19T21:12:29.300600+00:00,3
17429760,0.068,2025-03-19T21:12:29.300600+00:00,3
17429796,0.035,2025-03-19T21:12:29.300600+00:00,3
17429832,0.014,2025-03-19T21:12:29.300600+00:00,3
17429868,-0.012,2025-03-19T21:12:29.300600+00:00,3
17429904,-0.022,2025-03-19T21:12:29.300600+00:00,3
17429940,-0.024,2025-03-19T21:12:29.300600+00:00,3
17429976,-0.012,2025-03-19T21:12:29.300600+00:00,3
17430012,0.002,2025-03-19T21:12:29.300600+00:00,3
17430048,0.048,2025-03-19T21:12:29.300600+00:00,3
17430084,0.068,2025-03-19T21:12:29.300600+00:00,3
17430120,0.084,2025-03-19T21:12:29.300600+00:00,3
17430156,0.07,2025-03-19T21:12:29.300600+00:00,3
17430192,0.041,2025-03-19T21:12:29.300600+00:00,3
17430228,0.031,2025-03-19T21:12:29.300600+00:00,3
17423388,0.131,2025-03-19T21:12:29.300600+00:00,4
17423424,0.113,2025-03-19T21:12:29.300600+00:00,4
17423460,0.108,2025-03-19T21:12:29.300600+00:00,4
17423496,0.1,2025-03-19T21:12:29.300600+00:00,4
17423532,0.102,2025-03-19T21:12:29.300600+00:00,4
17423568,0.122,2025-03-19T21:12:29.300600+00:00,4
17423604,0.179,2025-03-19T21:12:29.300600+00:00,4
17423640,0.183,2025-03-19T21:12:29.300600+00:00,4
17423676,0.192,2025-03-19T21:12:29.300600+00:00,4
17423712,0.163,2025-03-19T21:12:29.300600+00:00,4
17423748,0.13,2025-03-19T21:12:29.300600+00:00,4
17423784,0.109,2025-03-19T21:12:29.300600+00:00,4
17423820,0.083,2025-03-19T21:12:29.300600+00:00,4
17423856,0.073,2025-03-19T21:12:29.300600+00:00,4
17423892,0.069,2025-03-19T21:12:29.300600+00:00,4
17423928,0.08,2025-03-19T21:12:29.300600+00:00,4
17423964,0.092,2025-03-19T21:12:29.300600+00:00,4
17424000,0.136,2025-03-19T21:12:29.300600+00:00,4
17424036,0.154,2025-03-19T21:12:29.300600+00:00,4
17424072,0.168,2025-03-19T21:12:29.300600+00:00,4
17424108,0.148,2025-03-19T21:12:29.300600+00:00,4
17424144,0.115,2025-03-19T21:12:29.300600+00:00,4
17424180,0.099,2025-03-19T21:12:29.300600+00:00,4
17424216,0.064,2025-03-19T21:12:29.300600+00:00,4
17424252,0.053,2025-03-19T21:12:29.300600+00:00,4
17424288,0.036,2025-03-19T21:12:29.300600+00:00,4
17424324,0.031,2025-03-19T21:12:29.300600+00:00,4
17424360,0.023,2025-03-19T21:12:29.300600+00:00,4
17424396,0.026,2025-03-19T21:12:29.300600+00:00,4
17424432,0.047,2025-03-19T21:12:29.300600+00:00,4
17424468,0.105,2025-03-19T21:12:29.300600+00:00,4
17424504,0.154,2025-03-19T21:12:29.300600+00:00,4
17424540,0.17,2025-03-19T21:12:29.300600+00:00,4
17424576,0.146,2025-03-19T21:12:29.300600+00:00,4
17424612,0.119,2025-03-19T21:12:29.300600+00:00,4
17424648,0.103,2025-03-19T21:12:29.300600+00:00,4
17424684,0.082,2025-03-19T21:12:29.300600+00:00,4
17424720,0.078,2025-03-19T21:12:29.300600+00:00,4
17424756,0.076,2025-03-19T21:12:29.300600+00:00,4
17424792,0.088,2025-03-19T21:12:29.300600+00:00,4
17424828,0.102,2025-03-19T21:12:29.300600+00:00,4
17424864,0.148,2025-03-19T21:12:29.300600+00:00,4
17424900,0.168,2025-03-19T21:12:29.300600+00:00,4
17424936,0.183,2025-03-19T21:12:29.300600+00:00,4
17424972,0.164,2025-03-19T21:12:29.300600+00:00,4
17425008,0.13,2025-03-19T21:12:29.300600+00:00,4
17425044,0.114,2025-03-19T21:12:29.300600+00:00,4
17425080,0.08,2025-03-19T21:12:29.300600+00:00,4
17425116,0.06,2025-03-19T21:12:29.300600+00:00,4
17425152,0.043,2025-03-19T21:12:29.300600+00:00,4
17425188,0.035,2025-03-19T21:12:29.300600+00:00,4
17425224,0.025,2025-03-19T21:12:29.300600+00:00,4
17425260,0.025,2025-03-19T21:12:29.300600+00:00,4
17425296,0.043,2025-03-19T21:12:29.300600+00:00,4
17425332,0.098,2025-03-19T21:12:29.300600+00:00,4
17425368,0.144,2025-03-19T21:12:29.300600+00:00,4
17425404,0.151,2025-03-19T21:12:29.300600+00:00,4
17425440,0.119,2025-03-19T21:12:29.300600+00:00,4
17425476,0.083,2025-03-19T21:12:29.300600+00:00,4
17425512,0.06,2025-03-19T21:12:29.300600+00:00,4
17425548,0.031,2025-03-19T21:12:29.300600+00:00,4
17425584,0.019,2025-03-19T21:12:29.300600+00:00,4
17425620,0.014,2025-03-19T21:12:29.300600+00:00,4
17425656,0.022,2025-03-19T21:12:29.300600+00:00,4
17425692,0.032,2025-03-19T21:12:29.300600+00:00,4
17425728,0.074,2025-03-19T21:12:29.300600+00:00,4
17425764,0.09,2025-03-19T21:12:29.300600+00:00,4
17425800,0.102,2025-03-19T21:12:29.300600+00:00,4
17425836,0.084,2025-03-19T21:12:29.300600+00:00,4
17425872,0.052,2025-03-19T21:12:29.300600+00:00,4
17425908,0.037,2025-03-19T21:12:29.300600+00:00,4
17425944,0.004,2025-03-19T21:12:29.300600+00:00,4
17425980,0.007,2025-03-19T21:12:29.300600+00:00,4
17426016,-0.014,2025-03-19T21:12:29.300600+00:00,4
17426052,-0.019,2025-03-19T21:12:29.300600+00:00,4
17426088,-0.025,2025-03-19T21:12:29.300600+00:00,4
17426124,-0.025,2025-03-19T21:12:29.300600+00:00,4
17426160,-0.019,2025-03-19T21:12:29.300600+00:00,4
17426196,-0.005,2025-03-19T21:12:29.300600+00:00,4
17426232,0.021,2025-03-19T21:12:29.300600+00:00,4
17426268,0.031,2025-03-19T21:12:29.300600+00:00,4
17426304,0.029,2025-03-19T21:12:29.300600+00:00,4
17426340,0.012,2025-03-19T21:12:29.300600+00:00,4
17426376,-0.005,2025-03-19T21:12:29.300600+00:00,4
17426412,-0.021,2025-03-19T21:12:29.300600+00:00,4
17426448,-0.04,2025-03-19T21:12:29.300600+00:00,4
17426484,-0.039,2025-03-19T21:12:29.300600+00:00,4
17426520,-0.028,2025-03-19T21:12:29.300600+00:00,4
17426556,0,2025-03-19T21:12:29.300600+00:00,4
17426592,0.048,2025-03-19T21:12:29.300600+00:00,4
17426628,0.086,2025-03-19T21:12:29.300600+00:00,4
17426664,0.099,2025-03-19T21:12:29.300600+00:00,4
17426700,0.091,2025-03-19T21:12:29.300600+00:00,4
17426736,0.072,2025-03-19T21:12:29.300600+00:00,4
17426772,0.065,2025-03-19T21:12:29.300600+00:00,4
17426808,0.045,2025-03-19T21:12:29.300600+00:00,4
17426844,0.023,2025-03-19T21:12:29.300600+00:00,4
17426880,0.002,2025-03-19T21:12:29.300600+00:00,4
17426916,-0.008,2025-03-19T21:12:29.300600+00:00,4
17426952,-0.018,2025-03-19T21:12:29.300600+00:00,4
17426988,-0.023,2025-03-19T21:12:29.300600+00:00,4
17427024,-0.021,2025-03-19T21:12:29.300600+00:00,4
17427060,-0.011,2025-03-19T21:12:29.300600+00:00,4
17427096,0.009,2025-03-19T21:12:29.300600+00:00,4
17427132,0.015,2025-03-19T21:12:29.300600+00:00,4
17427168,0.007,2025-03-19T21:12:29.300600+00:00,4
17427204,-0.016,2025-03-19T21:12:29.300600+00:00,4
17427240,-0.038,2025-03-19T21:12:29.300600+00:00,4
17427276,-0.059,2025-03-19T21:12:29.300600+00:00,4
17427312,-0.084,2025-03-19T21:12:29.300600+00:00,4
17427348,-0.081,2025-03-19T21:12:29.300600+00:00,4
17427384,-0.067,2025-03-19T21:12:29.300600+00:00,4
17427420,-0.036,2025-03-19T21:12:29.300600+00:00,4
17427456,0.013,2025-03-19T21:12:29.300600+00:00,4
17427492,0.055,2025-03-19T21:12:29.300600+00:00,4
17427528,0.07,2025-03-19T21:12:29.300600+00:00,4
17427564,0.068,2025-03-19T21:12:29.300600+00:00,4
17427600,0.057,2025-03-19T21:12:29.300600+00:00,4
17427636,0.057,2025-03-19T21:12:29.300600+00:00,4
17427672,0.044,2025-03-19T21:12:29.300600+00:00,4
17427708,0.052,2025-03-19T21:12:29.300600+00:00,4
17427744,0.043,2025-03-19T21:12:29.300600+00:00,4
17427780,0.038,2025-03-19T21:12:29.300600+00:00,4
17427816,0.03,2025-03-19T21:12:29.300600+00:00,4
17427852,0.032,2025-03-19T21:12:29.300600+00:00,4
17427888,0.053,2025-03-19T21:12:29.300600+00:00,4
17427924,0.11,2025-03-19T21:12:29.300600+00:00,4
17427960,0.159,2025-03-19T21:12:29.300600+00:00,4
17427996,0.173,2025-03-19T21:12:29.300600+00:00,4
17428032,0.147,2025-03-19T21:12:29.300600+00:00,4
17428068,0.117,2025-03-19T21:12:29.300600+00:00,4
17428104,0.1,2025-03-19T21:12:29.300600+00:00,4
17428140,0.078,2025-03-19T21:12:29.300600+00:00,4
17428176,0.073,2025-03-19T21:12:29.300600+00:00,4
17428212,0.067,2025-03-19T21:12:29.300600+00:00,4
17428248,0.076,2025-03-19T21:12:29.300600+00:00,4
17428284,0.086,2025-03-19T21:12:29.300600+00:00,4
17428320,0.128,2025-03-19T21:12:29.300600+00:00,4
17428356,0.145,2025-03-19T21:12:29.300600+00:00,4
17428392,0.157,2025-03-19T21:12:29.300600+00:00,4
17428428,0.141,2025-03-19T21:12:29.300600+00:00,4
17428464,0.111,2025-03-19T21:12:29.300600+00:00,4
17428500,0.098,2025-03-19T21:12:29.300600+00:00,4
17428536,0.066,2025-03-19T21:12:29.300600+00:00,4
17428572,0.072,2025-03-19T21:12:29.300600+00:00,4
17428608,0.058,2025-03-19T21:12:29.300600+00:00,4
17428644,0.052,2025-03-19T21:12:29.300600+00:00,4
17428680,0.044,2025-03-19T21:12:29.300600+00:00,4
17428716,0.046,2025-03-19T21:12:29.300600+00:00,4
17428752,0.066,2025-03-19T21:12:29.300600+00:00,4
17428788,0.123,2025-03-19T21:12:29.300600+00:00,4
17428824,0.172,2025-03-19T21:12:29.300600+00:00,4
17428860,0.184,2025-03-19T21:12:29.300600+00:00,4
17428896,0.158,2025-03-19T21:12:29.300600+00:00,4
17428932,0.127,2025-03-19T21:12:29.300600+00:00,4
17428968,0.109,2025-03-19T21:12:29.300600+00:00,4
17429004,0.086,2025-03-19T21:12:29.300600+00:00,4
17429040,0.08,2025-03-19T21:12:29.300600+00:00,4
17429076,0.075,2025-03-19T21:12:29.300600+00:00,4
17429112,0.084,2025-03-19T21:12:29.300600+00:00,4
17429148,0.095,2025-03-19T21:12:29.300600+00:00,4
17429184,0.137,2025-03-19T21:12:29.300600+00:00,4
17429220,0.154,2025-03-19T21:12:29.300600+00:00,4
17429256,0.167,2025-03-19T21:12:29.300600+00:00,4
17429292,0.15,2025-03-19T21:12:29.300600+00:00,4
17429328,0.12,2025-03-19T21:12:29.300600+00:00,4
17429364,0.107,2025-03-19T21:12:29.300600+00:00,4
17429400,0.075,2025-03-19T21:12:29.300600+00:00,4
17429436,0.068,2025-03-19T21:12:29.300600+00:00,4
17429472,0.054,2025-03-19T21:12:29.300600+00:00,4
17429508,0.048,2025-03-19T21:12:29.300600+00:00,4
17429544,0.041,2025-03-19T21:12:29.300600+00:00,4
17429580,0.043,2025-03-19T21:12:29.300600+00:00,4
17429616,0.063,2025-03-19T21:12:29.300600+00:00,4
17429652,0.12,2025-03-19T21:12:29.300600+00:00,4
17429688,0.169,2025-03-19T21:12:29.300600+00:00,4
17429724,0.18,2025-03-19T21:12:29.300600+00:00,4
17429760,0.151,2025-03-19T21:12:29.300600+00:00,4
17429796,0.118,2025-03-19T21:12:29.300600+00:00,4
17429832,0.098,2025-03-19T21:12:29.300600+00:00,4
17429868,0.072,2025-03-19T21:12:29.300600+00:00,4
17429904,0.064,2025-03-19T21:12:29.300600+00:00,4
17429940,0.058,2025-03-19T21:12:29.300600+00:00,4
17429976,0.067,2025-03-19T21:12:29.300600+00:00,4
17430012,0.077,2025-03-19T21:12:29.300600+00:00,4
17430048,0.119,2025-03-19T21:12:29.300600+00:00,4
17430084,0.136,2025-03-19T21:12:29.300600+00:00,4
17430120,0.148,2025-03-19T21:12:29.300600+00:00,4
17430156,0.134,2025-03-19T21:12:29.300600+00:00,4
17430192,0.105,2025-03-19T21:12:29.300600+00:00,4
17430228,0.094,2025-03-19T21:12:29.300600+00:00,4
17423388,0.131,2025-03-19T21:12:29.300600+00:00,5
17423424,0.113,2025-03-19T21:12:29.300600+00:00,5
17423460,0.108,2025-03-19T21:12:29.300600+00:00,5
17423496,0.1,2025-03-19T21:12:29.300600+00:00,5
17423532,0.102,2025-03-19T21:12:29.300600+00:00,5
17423568,0.122,2025-03-19T21:12:29.300600+00:00,5
17423604,0.179,2025-03-19T21:12:29.300600+00:00,5
17423640,0.177,2025-03-19T21:12:29.300600+00:00,5
17423676,0.184,2025-03-19T21:12:29.300600+00:00,5
17423712,0.151,2025-03-19T21:12:29.300600+00:00,5
17423748,0.115,2025-03-19T21:12:29.300600+00:00,5
17423784,0.091,2025-03-19T21:12:29.300600+00:00,5
17423820,0.062,2025-03-19T21:12:29.300600+00:00,5
17423856,0.05,2025-03-19T21:12:29.300600+00:00,5
17423892,0.046,2025-03-19T21:12:29.300600+00:00,5
17423928,0.057,2025-03-19T21:12:29.300600+00:00,5
17423964,0.07,2025-03-19T21:12:29.300600+00:00,5
17424000,0.115,2025-03-19T21:12:29.300600+00:00,5
17424036,0.134,2025-03-19T21:12:29.300600+00:00,5
17424072,0.148,2025-03-19T21:12:29.300600+00:00,5
17424108,0.128,2025-03-19T21:12:29.300600+00:00,5
17424144,0.094,2025-03-19T21:12:29.300600+00:00,5
17424180,0.077,2025-03-19T21:12:29.300600+00:00,5
17424216,0.042,2025-03-19T21:12:29.300600+00:00,5
17424252,0.03,2025-03-19T21:12:29.300600+00:00,5
17424288,0.013,2025-03-19T21:12:29.300600+00:00,5
17424324,0.008,2025-03-19T21:12:29.300600+00:00,5
17424360,0.001,2025-03-19T21:12:29.300600+00:00,5
17424396,0.004,2025-03-19T21:12:29.300600+00:00,5
17424432,0.025,2025-03-19T21:12:29.300600+00:00,5
17424468,0.083,2025-03-19T21:12:29.300600+00:00,5
17424504,0.133,2025-03-19T21:12:29.300600+00:00,5
17424540,0.149,2025-03-19T21:12:29.300600+00:00,5
17424576,0.127,2025-03-19T21:12:29.300600+00:00,5
17424612,0.1,2025-03-19T21:12:29.300600+00:00,5
17424648,0.086,2025-03-19T21:12:29.300600+00:00,5
17424684,0.067,2025-03-19T21:12:29.300600+00:00,5
17424720,0.064,2025-03-19T21:12:29.300600+00:00,5
17424756,0.063,2025-03-19T21:12:29.300600+00:00,5
17424792,0.076,2025-03-19T21:12:29.300600+00:00,5
17424828,0.09,2025-03-19T21:12:29.300600+00:00,5
17424864,0.136,2025-03-19T21:12:29.300600+00:00,5
17424900,0.157,2025-03-19T21:12:29.300600+00:00,5
17424936,0.173,2025-03-19T21:12:29.300600+00:00,5
17424972,0.153,2025-03-19T21:12:29.300600+00:00,5
17425008,0.119,2025-03-19T21:12:29.300600+00:00,5
17425044,0.102,2025-03-19T21:12:29.300600+00:00,5
17425080,0.067,2025-03-19T21:12:29.300600+00:00,5
17425116,0.047,2025-03-19T21:12:29.300600+00:00,5
17425152,0.029,2025-03-19T21:12:29.300600+00:00,5
17425188,0.021,2025-03-19T21:12:29.300600+00:00,5
17425224,0.011,2025-03-19T21:12:29.300600+00:00,5
17425260,0.011,2025-03-19T21:12:29.300600+00:00,5
17425296,0.029,2025-03-19T21:12:29.300600+00:00,5
17425332,0.083,2025-03-19T21:12:29.300600+00:00,5
17425368,0.13,2025-03-19T21:12:29.300600+00:00,5
17425404,0.136,2025-03-19T21:12:29.300600+00:00,5
17425440,0.102,2025-03-19T21:12:29.300600+00:00,5
17425476,0.065,2025-03-19T21:12:29.300600+00:00,5
17425512,0.041,2025-03-19T21:12:29.300600+00:00,5
17425548,0.011,2025-03-19T21:12:29.300600+00:00,5
17425584,-0.002,2025-03-19T21:12:29.300600+00:00,5
17425620,-0.008,2025-03-19T21:12:29.300600+00:00,5
17425656,0.001,2025-03-19T21:12:29.300600+00:00,5
17425692,0.011,2025-03-19T21:12:29.300600+00:00,5
17425728,0.053,2025-03-19T21:12:29.300600+00:00,5
17425764,0.07,2025-03-19T21:12:29.300600+00:00,5
17425800,0.082,2025-03-19T21:12:29.300600+00:00,5
17425836,0.062,2025-03-19T21:12:29.300600+00:00,5
17425872,0.028,2025-03-19T21:12:29.300600+00:00,5
17425908,0.011,2025-03-19T21:12:29.300600+00:00,5
17425944,-0.024,2025-03-19T21:12:29.300600+00:00,5
17425980,-0.023,2025-03-19T21:12:29.300600+00:00,5
17426016,-0.046,2025-03-19T21:12:29.300600+00:00,5
17426052,-0.052,2025-03-19T21:12:29.300600+00:00,5
17426088,-0.059,2025-03-19T21:12:29.300600+00:00,5
17426124,-0.061,2025-03-19T21:12:29.300600+00:00,5
17426160,-0.055,2025-03-19T21:12:29.300600+00:00,5
17426196,-0.042,2025-03-19T21:12:29.300600+00:00,5
17426232,-0.017,2025-03-19T21:12:29.300600+00:00,5
17426268,-0.006,2025-03-19T21:12:29.300600+00:00,5
17426304,-0.008,2025-03-19T21:12:29.300600+00:00,5
17426340,-0.024,2025-03-19T21:12:29.300600+00:00,5
17426376,-0.041,2025-03-19T21:12:29.300600+00:00,5
17426412,-0.056,2025-03-19T21:12:29.300600+00:00,5
17426448,-0.075,2025-03-19T21:12:29.300600+00:00,5
17426484,-0.073,2025-03-19T21:12:29.300600+00:00,5
17426520,-0.061,2025-03-19T21:12:29.300600+00:00,5
17426556,-0.032,2025-03-19T21:12:29.300600+00:00,5
17426592,0.015,2025-03-19T21:12:29.300600+00:00,5
17426628,0.055,2025-03-19T21:12:29.300600+00:00,5
17426664,0.068,2025-03-19T21:12:29.300600+00:00,5
17426700,0.056,2025-03-19T21:12:29.300600+00:00,5
17426736,0.034,2025-03-19T21:12:29.300600+00:00,5
17426772,0.024,2025-03-19T21:12:29.300600+00:00,5
17426808,0,2025-03-19T21:12:29.300600+00:00,5
17426844,-0.026,2025-03-19T21:12:29.300600+00:00,5
17426880,-0.05,2025-03-19T21:12:29.300600+00:00,5
17426916,-0.058,2025-03-19T21:12:29.300600+00:00,5
17426952,-0.067,2025-03-19T21:12:29.300600+00:00,5
17426988,-0.07,2025-03-19T21:12:29.300600+00:00,5
17427024,-0.066,2025-03-19T21:12:29.300600+00:00,5
17427060,-0.054,2025-03-19T21:12:29.300600+00:00,5
17427096,-0.031,2025-03-19T21:12:29.300600+00:00,5
17427132,-0.025,2025-03-19T21:12:29.300600+00:00,5
17427168,-0.032,2025-03-19T21:12:29.300600+00:00,5
17427204,-0.054,2025-03-19T21:12:29.300600+00:00,5
17427240,-0.076,2025-03-19T21:12:29.300600+00:00,5
17427276,-0.097,2025-03-19T21:12:29.300600+00:00,5
17427312,-0.121,2025-03-19T21:12:29.300600+00:00,5
17427348,-0.117,2025-03-19T21:12:29.300600+00:00,5
17427384,-0.102,2025-03-19T21:12:29.300600+00:00,5
17427420,-0.07,2025-03-19T21:12:29.300600+00:00,5
17427456,-0.019,2025-03-19T21:12:29.300600+00:00,5
17427492,0.023,2025-03-19T21:12:29.300600+00:00,5
17427528,0.04,2025-03-19T21:12:29.300600+00:00,5
17427564,0.038,2025-03-19T21:12:29.300600+00:00,5
17427600,0.027,2025-03-19T21:12:29.300600+00:00,5
17427636,0.028,2025-03-19T21:12:29.300600+00:00,5
17427672,0.015,2025-03-19T21:12:29.300600+00:00,5
17427708,0.023,2025-03-19T21:12:29.300600+00:00,5
17427744,0.015,2025-03-19T21:12:29.300600+00:00,5
17427780,0.011,2025-03-19T21:12:29.300600+00:00,5
17427816,0.003,2025-03-19T21:12:29.300600+00:00,5
17427852,0.007,2025-03-19T21:12:29.300600+00:00,5
17427888,0.027,2025-03-19T21:12:29.300600+00:00,5
17427924,0.086,2025-03-19T21:12:29.300600+00:00,5
17427960,0.135,2025-03-19T21:12:29.300600+00:00,5
17427996,0.144,2025-03-19T21:12:29.300600+00:00,5
17428032,0.113,2025-03-19T21:12:29.300600+00:00,5
17428068,0.079,2025-03-19T21:12:29.300600+00:00,5
17428104,0.057,2025-03-19T21:12:29.300600+00:00,5
17428140,0.031,2025-03-19T21:12:29.300600+00:00,5
17428176,0.021,2025-03-19T21:12:29.300600+00:00,5
17428212,0.016,2025-03-19T21:12:29.300600+00:00,5
17428248,0.025,2025-03-19T21:12:29.300600+00:00,5
17428284,0.036,2025-03-19T21:12:29.300600+00:00,5
17428320,0.079,2025-03-19T21:12:29.300600+00:00,5
17428356,0.097,2025-03-19T21:12:29.300600+00:00,5
17428392,0.11,2025-03-19T21:12:29.300600+00:00,5
17428428,0.095,2025-03-19T21:12:29.300600+00:00,5
17428464,0.067,2025-03-19T21:12:29.300600+00:00,5
17428500,0.057,2025-03-19T21:12:29.300600+00:00,5
17428536,0.027,2025-03-19T21:12:29.300600+00:00,5
17428572,0.034,2025-03-19T21:12:29.300600+00:00,5
17428608,0.023,2025-03-19T21:12:29.300600+00:00,5
17428644,0.016,2025-03-19T21:12:29.300600+00:00,5
17428680,0.007,2025-03-19T21:12:29.300600+00:00,5
17428716,0.008,2025-03-19T21:12:29.300600+00:00,5
17428752,0.027,2025-03-19T21:12:29.300600+00:00,5
17428788,0.083,2025-03-19T21:12:29.300600+00:00,5
17428824,0.131,2025-03-19T21:12:29.300600+00:00,5
17428860,0.141,2025-03-19T21:12:29.300600+00:00,5
17428896,0.112,2025-03-19T21:12:29.300600+00:00,5
17428932,0.079,2025-03-19T21:12:29.300600+00:00,5
17428968,0.059,2025-03-19T21:12:29.300600+00:00,5
17429004,0.033,2025-03-19T21:12:29.300600+00:00,5
17429040,0.025,2025-03-19T21:12:29.300600+00:00,5
17429076,0.02,2025-03-19T21:12:29.300600+00:00,5
17429112,0.029,2025-03-19T21:12:29.300600+00:00,5
17429148,0.04,2025-03-19T21:12:29.300600+00:00,5
17429184,0.083,2025-03-19T21:12:29.300600+00:00,5
17429220,0.101,2025-03-19T21:12:29.300600+00:00,5
17429256,0.114,2025-03-19T21:12:29.300600+00:00,5
17429292,0.099,2025-03-19T21:12:29.300600+00:00,5
17429328,0.07,2025-03-19T21:12:29.300600+00:00,5
17429364,0.059,2025-03-19T21:12:29.300600+00:00,5
17429400,0.028,2025-03-19T21:12:29.300600+00:00,5
17429436,0.023,2025-03-19T21:12:29.300600+00:00,5
17429472,0.011,2025-03-19T21:12:29.300600+00:00,5
17429508,0.004,2025-03-19T21:12:29.300600+00:00,5
17429544,-0.005,2025-03-19T21:12:29.300600+00:00,5
17429580,-0.003,2025-03-19T21:12:29.300600+00:00,5
17429616,0.016,2025-03-19T21:12:29.300600+00:00,5
17429652,0.072,2025-03-19T21:12:29.300600+00:00,5
17429688,0.12,2025-03-19T21:12:29.300600+00:00,5
17429724,0.131,2025-03-19T21:12:29.300600+00:00,5
17429760,0.103,2025-03-19T21:12:29.300600+00:00,5
17429796,0.071,2025-03-19T21:12:29.300600+00:00,5
17429832,0.051,2025-03-19T21:12:29.300600+00:00,5
17429868,0.026,2025-03-19T21:12:29.300600+00:00,5
17429904,0.018,2025-03-19T21:12:29.300600+00:00,5
17429940,0.012,2025-03-19T21:12:29.300600+00:00,5
17429976,0.02,2025-03-19T21:12:29.300600+00:00,5
17430012,0.03,2025-03-19T21:12:29.300600+00:00,5
17430048,0.072,2025-03-19T21:12:29.300600+00:00,5
17430084,0.088,2025-03-19T21:12:29.300600+00:00,5
17430120,0.1,2025-03-19T21:12:29.300600+00:00,5
17430156,0.086,2025-03-19T21:12:29.300600+00:00,5
17430192,0.057,2025-03-19T21:12:29.300600+00:00,5
17430228,0.046,2025-03-19T21:12:29.300600+00:00,5
